iteration,hcr_variation,efr_variation,cat_variation,npv_climate,nav_ratio
0,0.949816047538945,1.1352142919229748,1.139196365086843,-9302594.226048168,-129.16709173121998
1,1.0394633936788147,0.8968055921327309,0.7935967122017216,-8082300.384217893,-112.22323684766742
2,0.8232334448672798,1.1098528437324804,1.0606690070459253,-8586237.875670783,-119.22043984326108
3,1.0832290311184183,0.8561753482887408,1.2819459112971967,-9411872.921060154,-130.68443311792234
4,1.1329770563201687,0.9137017332034828,0.8090949803242603,-8494984.43679941,-117.95338024428563
5,0.8733618039413735,0.9412726728878613,1.0148538589793428,-8198569.782393724,-113.83764457682098
6,0.9727780074568463,0.9373687420594126,1.0671117368334277,-8673859.749253387,-120.43707493533188
7,0.8557975442608168,0.9376433945605654,0.919817105976215,-7877823.807893797,-109.38406703662858
8,0.9824279936868143,1.085552788417904,0.8198042692950158,-8447243.026089758,-117.29048782667975
9,1.0056937753654447,1.0277243706586128,0.7278702476319986,-8135281.594686961,-112.95888420650061
10,1.0430179407605753,0.9011572371061874,0.7390309557911676,-7962827.667685977,-110.56435084655119
11,1.1795542149013332,1.1396896099223677,1.1850384088698767,-10239557.595426688,-142.17688561671773
12,0.9218455076693483,0.8793016342019151,1.1105398159072941,-8456984.138029713,-117.42574376378052
13,0.9760609974958405,0.8866114704534336,0.9971061460667621,-8368087.699757975,-116.1914112627807
14,0.8137554084460874,1.1227961206236345,0.8552679889600101,-8047405.002805281,-111.73871233521501
15,1.0650089137415928,0.9435133228268232,1.0120408127066864,-8868401.69080883,-123.13830173291697
16,1.0186841117373118,0.9054563366576581,1.2817507766587353,-9314733.470663233,-129.33564588768863
17,1.1100531293444458,1.1318496824692565,1.2368964102565894,-10111742.55770194,-140.40216597386868
18,1.039159991524434,1.126562270506935,0.7530955012311517,-8578455.96445631,-119.11238752847028
19,0.8783931449676581,0.8635681866731614,0.8951981984579586,-7697683.182127624,-106.88280339258986
20,0.9554709158757928,0.9314047095321687,1.1972425054911577,-8939448.443674056,-124.12479025660767
21,0.9427013306774358,0.9342803529062141,1.0256176498949492,-8451373.198338613,-117.3478355218248
22,0.856369689989905,1.0906590942262118,0.7447303862078625,-7821842.288553673,-108.60676020499106
23,1.194754774640207,1.0816734307889972,0.8192294089205034,-9179316.926620264,-127.45537886310473
24,0.802208846849441,1.09463842853645,1.1241144063085702,-8639303.237769095,-119.95725565263072
25,1.0916028672163949,1.0813811040057837,0.7444267910404542,-8620686.011675883,-119.69875432578263
26,0.943386291417709,0.8847607178575388,1.217862055525356,-8828743.965686187,-122.58765178578453
27,1.0493192507310232,0.9492694074557947,0.7381350101716141,-8108949.090945319,-112.59325577601555
28,0.9243929286862649,0.9475549966080241,1.1377637070028384,-8716748.78239702,-121.03259179264197
29,1.0550229885420852,1.1161638227728978,0.9833289550971696,-9211581.697992597,-127.90337719370669
30,0.8478376983753207,1.0639734361668984,1.1564710291701386,-8803584.438029999,-122.23831020023184
31,1.0245108790277986,1.0812901539863682,0.9962773578186345,-9047095.627189633,-125.61947800605611
32,1.0090931317527976,0.9782623055075649,0.7152514760464571,-7984088.58474401,-110.8595599846898
33,0.8431565707973219,0.8594287557060203,1.0818462467582683,-8053743.054152085,-111.82671656713318
34,0.9257423924305307,1.0025712073494109,1.2445398843556559,-9146542.381865297,-127.00030229779998
35,0.89971689165955,0.9731148769106889,1.1533306831258292,-8738359.026318347,-121.33265135571567
36,0.891519266196649,0.8730939729486379,0.8738508717482608,-7712605.75159307,-107.09000418541942
37,0.8644885149016018,1.1289092957027718,1.1848722277386503,-9107130.181250133,-126.4530614735218
38,1.0533615026041694,1.1114381770563153,1.1822032461394687,-9715835.462998217,-134.90497166698978
39,0.8746280235544144,1.1177676995469932,1.0236053451493905,-8689691.252508096,-120.65689632960685
40,1.122976062065625,1.1188273899770478,0.8908020849831183,-9213527.940094803,-127.93040088473718
41,0.8440207698110708,0.9183805487625825,0.9562646731757538,-7881718.302524871,-109.43814233358715
42,1.1272059063689972,1.108219174976903,0.7041712783187144,-8710151.937848933,-120.94099420124176
43,1.0042989210310262,0.9752233009446336,0.8332646862824381,-8269358.705026399,-114.8205531119096
44,0.8479461469334731,0.9512845514210884,1.2657458223475115,-8794994.713691467,-122.11904135063779
45,0.9292811728083021,1.0056371865230098,1.1218113753371066,-8844557.191443358,-122.80721939588447
46,0.9454518409517176,1.141534624816288,1.2774683769652668,-9667184.422556402,-134.22944898472863
47,0.9007129183301457,0.9991745517677156,0.8805269858900617,-8093593.810880187,-112.38004676995381
48,0.9139361977509871,0.8610660842063598,1.065738600387938,-8263665.663287288,-114.74150487797864
49,1.0010716092915446,0.8654436253749968,0.8671878785419669,-8058760.771808542,-111.89638788473168
50,1.1633063543866615,0.9218685672000917,0.7869369232547339,-8564469.102943175,-118.91817909798318
51,0.9957811041110252,1.1456951362331802,0.8452331629069002,-8718834.358032826,-121.06155013833742
52,1.0688542189623513,1.0784858845986152,0.8425825263954397,-8791269.64604865,-122.06731855780893
53,1.0912865394447437,0.9603349398157759,1.0793834983561477,-9181570.966031313,-127.48667633865811
54,1.0534118843043578,1.0107324052224276,0.7541738620326449,-8326900.99031313,-115.61953127450036
55,1.1341209982356952,0.9462340194915208,0.8119111062399125,-8591860.189919615,-119.29850602164893
56,0.8163100566219056,1.0272678829564725,1.1065386171053695,-8465525.578357881,-117.54434218692745
57,0.8066351315711425,1.0036279174897842,0.8358974651187627,-7658489.176579576,-106.33859222020928
58,1.0580691161637799,0.9023099287014974,1.1145626428614797,-9005189.60593882,-125.03761032920555
59,0.954694138520215,1.1310189966210202,0.7825125664875959,-8371568.262693906,-116.23973909274913
60,0.9364265404201034,0.8840420563721767,1.2548161709671377,-8899563.122037427,-123.57098011791089
61,1.1509357413523924,0.9273824883145466,1.0959904276205075,-9347577.33364141,-129.79168494077675
62,1.1268888800804864,1.0165602434798386,1.0177903470136038,-9292182.612243092,-129.02252583457314
63,0.8967409163601807,0.8779308303417698,1.238329454771996,-8701175.148290534,-120.81635092731555
64,1.1601672228653321,1.0399304371819804,0.9034178746292204,-9169671.658211011,-127.32145371930973
65,0.9396838298450644,1.0677867036610718,1.2382661559715462,-9350232.753500817,-129.8285556084884
66,1.154834569706047,1.083962663757287,1.0852189876925726,-9744308.507924674,-135.30032164319155
67,0.8336559859980196,0.8984886142283841,1.2391325131162476,-8536309.916392514,-118.52718706459092
68,1.042571623863836,0.8527591154849888,0.7608829257196192,-7891521.277847367,-109.57425724755106
69,1.0654007076432224,0.8515184751538656,0.7964848308504991,-8061766.152022436,-111.93811777344253
70,1.0194935157466345,1.057568559307808,1.0911767557015604,-9216520.652839817,-127.97195488486524
71,0.8897077237842239,1.0636537664042607,0.84234945249808,-8124143.519946796,-112.80423135518699
72,0.9301598792637071,1.0739474215354072,1.0897797394283288,-8942947.649033178,-124.1733769377662
73,1.139689364197671,1.0472838676901028,1.0409851620012829,-9478678.789034035,-131.61203669463254
74,0.837469907131237,0.96031474091783,0.8591214206090353,-7713723.652104308,-107.1055263026238
75,0.8975958573516335,1.1419031664257335,0.9358586348000563,-8603025.463937571,-119.45353653660392
76,1.1568186220708452,1.0393415877991787,1.176886782124989,-9874861.337518534,-137.11305569416217
77,1.001054837242077,1.0230711653879077,0.9955106162913183,-8809960.300919201,-122.32683944773672
78,0.8780971951192178,1.0667356345784516,0.8684634174645135,-8160176.370691681,-113.3045496991248
79,0.8097263865725816,1.0436416887721502,0.8062664076442293,-7696595.595082977,-106.86770217972946
80,1.1761834337411656,1.136178573100776,1.2489186341322691,-10386353.803245364,-144.21515997120014
81,0.9480634801021778,0.8546369849586603,1.2569911375526353,-8868787.216703929,-123.14365478363024
82,0.9712736593269258,1.1399964457131009,1.2781719862535517,-9755445.089996781,-135.4549537687176
83,1.141203782186944,0.9383346676208757,0.9310586371611551,-8908946.024880698,-123.70126229972081
84,1.1404546686067427,0.9450766015468832,0.8016956480116555,-8584167.695262514,-119.19169526124476
85,1.02272050498334,1.1308464322482341,1.117617878004984,-9489809.858113388,-131.76659227191584
86,1.028024468035746,0.8791529481312306,1.0690043360195018,-8719412.70919985,-121.0695805797851
87,1.1960215400417054,0.8920252045709571,1.010997791418242,-9189324.525316784,-127.59433498517477
88,1.1509492287711822,1.0722305853262613,1.1182094445971609,-9786548.975620193,-135.88683312945193
89,1.0809936335948438,0.9578473453659265,0.876155106558696,-8605051.111300606,-119.48166277455415
90,1.1237444621914054,1.0930340184037541,1.2202433911480624,-10013973.79561922,-139.04464071225667
91,1.1652962210225886,1.0034027196582813,1.0009097768123199,-9347805.605494652,-129.7948545094681
92,1.11931807158671,1.0449891792333295,1.121180126354622,-9611980.837133002,-133.46294381326683
93,1.1183170677744403,1.1170016025452698,0.9027970941109215,-9223924.507328466,-128.07475785881653
94,0.9502331810559776,0.8781945819522606,1.0469680845977043,-8386499.254067656,-116.44705682429233
95,0.8143769095186969,0.989679405439738,1.025586780824546,-8147320.667092863,-113.12604746569745
96,0.9146165008513137,1.0272499781707032,0.7183001499634296,-7789850.623962299,-108.16255397880336
97,0.8149392754996858,1.0967801681978975,0.9161143848467577,-8143059.787758271,-113.06688489464541
98,0.850824205060754,1.0066729780164412,1.1619961318591665,-8678020.134812536,-120.49484214414457
99,0.8863284109987373,1.0368671427457,0.7512084789962608,-7802482.471179562,-108.33794795263468
100,0.8206726884674431,1.0094063894704444,1.0243810729660638,-8218034.371906369,-114.1079115967508
101,1.0549719605992827,1.0678274001167984,1.2855112476775208,-9878315.438832657,-137.16101610288786
102,1.0065201393204781,0.9468869418823738,1.1771117168612222,-9106059.936845334,-126.43820106428
103,0.9083329005048297,0.9816914262116908,0.7470738288053596,-7723741.517610653,-107.24462497997833
104,0.8101402973661831,1.1387945244033775,1.2015880723073236,-8986636.78051477,-124.78000320960105
105,1.0783896824374792,0.972685883324281,0.8039765920425075,-8445283.992273265,-117.26328652191135
106,0.8625748170684344,0.9250728694493786,1.0295359988236723,-8156795.940705906,-113.25761222131447
107,1.0858383690800248,1.0480592130153192,0.8679603381675657,-8837500.224760262,-122.70923298040188
108,1.1819461122652777,1.0713690750087306,1.0326124315068403,-9667983.626651555,-134.24054598263717
109,1.044688298493741,0.975880018728337,0.8486385937006945,-8452958.033569418,-117.36984105626627
110,0.9423890714605047,1.0773538331393107,0.7086360931778535,-7993382.156137043,-110.98860179383087
111,0.8464290562027665,0.8638007926065258,0.7244372813913821,-7137695.892167175,-99.10734550492859
112,1.1421842336044028,1.061097357814007,0.9845042974523951,-9375321.08804846,-130.1769086733598
113,0.8391336642604006,0.9974847625350497,0.9840830624683394,-8145509.570386093,-113.1009002767765
114,0.8692807479640061,0.9801554947713919,0.9391028406384241,-8087412.55271475,-112.29421962098135
115,1.0463400392208866,1.040528095260293,0.7271824058632267,-8309495.84666523,-115.37785978679122
116,0.9498450458505885,1.037757974714271,1.0018817551480526,-8685897.6533716,-120.60422197278247
117,1.1425959364753289,1.0476080894856834,0.7977606562488578,-8850704.57412672,-122.89257618170939
118,0.828227498960172,1.0427257834618946,0.7159067863249731,-7521602.432674233,-104.43791138030977
119,1.0343102325093854,1.132069072427487,1.0452845067255274,-9343583.897981424,-129.73623584155968
120,0.9552679704826088,1.042986465532706,0.97495173429491,-8647879.045656117,-120.07633127144149
121,1.018246715726374,1.1324394426329574,0.9316615826804645,-8989772.786433464,-124.82354684423959
122,1.1844762255295656,1.1216051925868191,0.8174746808735779,-9243611.388526171,-128.34811141243551
123,0.8277445203500662,0.880233400413228,0.7109330953909297,-7079938.011845036,-98.30537379204009
124,0.8377771843023714,1.054902032024907,0.7427131890761374,-7657471.321689917,-106.32445924260034
125,0.9275902521175046,1.1034625932908362,0.7139631614414955,-8024131.484474894,-111.41555810489592
126,1.1257873930355742,0.9345564324320199,0.7708988965729937,-8424239.32568528,-116.9710800348207
127,1.0786948661456603,1.0386828540339652,1.2264832081162318,-9729766.258137364,-135.09840161243324
128,1.0940284175215542,1.0910442791154544,0.8692207435427839,-8982432.994651454,-124.72163338490151
129,0.8709758175118891,1.0751844254922573,1.1841008435603584,-8986680.653227655,-124.78061238491195
130,1.1962020568002694,0.9737853030734279,0.9232108514756698,-9174122.949145608,-127.38326016711343
131,1.1105651842967987,0.9522410620759053,1.2584543953621388,-9698300.27847292,-134.66149455371738
132,1.1433651007372048,0.9786982082125054,1.1505226406748985,-9599144.825737307,-133.28471500728836
133,1.101817149633873,0.8809371606507798,1.24153174400774,-9435864.304282822,-131.01755494632627
134,1.0021009489791428,1.0979372398323224,0.892029760618367,-8738447.082899475,-121.33387402674869
135,1.15820929139848,0.9667605036202489,0.706502590888179,-8453236.010560919,-117.37370078385278
136,1.1621527905677054,0.87738600303584,0.8915881825542489,-8718505.432874264,-121.05698299232456
137,1.180024786820322,1.1351821440812668,1.0440627328739718,-9858987.747632677,-136.89264992443086
138,1.0527348848679197,0.9845336565934959,0.8759264630188387,-8575571.80189735,-119.07234075433733
139,0.9314658181479664,1.0517555368231115,1.151424717662608,-9051174.832234237,-125.67611801844228
140,1.1166316174903395,1.086885442838366,0.7547236618292141,-8749874.66323907,-121.49254668107743
141,0.9977681218810326,0.8672676280049932,1.0297173293942414,-8478983.700845994,-117.73120904360326
142,0.9766122005493508,1.1163112548274898,0.9105490075312472,-8746087.772855716,-121.43996547570215
143,0.8468268065710424,0.8928975046158507,1.1569063790304834,-8351730.574106615,-115.96429156927067
144,1.0472872253265044,0.880336802836837,0.7504640836689984,-7953120.230061757,-110.42956247939102
145,1.080387652583648,0.871828901909258,1.1931160355742139,-9209668.31415464,-127.87680974169182
146,1.0824968908625985,0.8744046341925699,0.7509026284511151,-8062025.900334949,-111.94172439470259
147,1.19465583140047,0.962281238726836,0.9223852882401345,-9136313.73830895,-126.85827695428569
148,1.125119826903001,1.1341745732151576,1.2916006382937226,-10314349.714769457,-143.2153787838032
149,1.1013512741035767,0.9628778756592746,0.7501004300192012,-8358404.743414974,-116.05696281971268
150,1.1108587663709746,1.0175212749207414,0.9545332055481858,-9072363.010731895,-125.97031717720608
151,1.1625417540378944,0.8833592446918453,0.9955750625745154,-9008758.929749843,-125.08717060937188
152,0.8045414579069676,0.9905981925982378,0.7337819654091023,-7348641.637845544,-102.03634012946607
153,0.8475271665072288,0.8852578740331314,1.0895261812696382,-8157089.279123165,-113.26168524324036
154,1.0984179517061694,1.025010629529148,1.2773035290847252,-9896452.54576391,-137.4128509457071
155,0.9499482318094816,0.9357136258845582,1.2211594769136762,-8994258.610461129,-124.88583278615987
156,0.889438335407781,1.1389667618321833,0.7072926848138897,-7966238.990722248,-110.61171727626358
157,1.1879515306830555,0.8629479735851728,1.2346858682188426,-9672343.678639932,-134.30108557207328
158,1.01108044363452,1.14788943883579,0.7442779388412393,-8512959.570219707,-118.20296607496489
159,1.0215417137605283,1.1407907606857297,1.0138587065020892,-9239207.0358057,-128.28695670461553
160,1.051759455254105,1.058724606695385,0.972724638860664,-9021383.331666932,-125.26246120475338
161,1.0510232320336255,1.02529429357693,1.2406948062945935,-9634995.428218916,-133.78250282290597
162,0.8181785521365832,0.9342889568776691,1.2702468904459352,-8657893.42144169,-120.21538149380892
163,1.1561055135563665,0.9866970258357138,1.072079558680922,-9458700.65560746,-131.3346390859415
164,0.9109524731924531,0.9064363479171283,0.9782190429639893,-8142477.684035297,-113.05880234872807
165,0.9413408912104212,1.0250968335552615,0.7466407821789909,-7952266.248731554,-110.41770489621209
166,1.1897579230664665,1.1458632233438808,1.1188970284118471,-10117751.612739533,-140.4856020718429
167,1.0144385465376482,0.9428582848858983,1.1882770118241692,-9152547.565643646,-127.083684643102
168,1.0738924690215517,0.8987850818034674,1.2465563106963056,-9398136.122088142,-130.49369682116514
169,1.1290148971692675,1.1349399739875772,1.135431705033016,-9919712.624219991,-137.73581856254663
170,1.045366078374316,0.9754729108871856,1.259637090012408,-9534051.922379727,-132.38089604940055
171,1.1464255558001633,0.8635656010318568,0.7158201846983512,-8165320.18283676,-113.37597184643626
172,0.9505853467512199,1.0931659992345497,1.2923656775889667,-9597229.9819086,-133.25812728321233
173,0.8601667564414113,1.0282392146056405,0.9285345139786129,-8154048.1503557665,-113.21945898367021
174,1.1879657591258412,1.1026356769407126,1.2029972228266828,-10218855.709760481,-141.88943866376255
175,0.9874772639179881,0.9744458507012995,0.8640442431584238,-8289255.353352205,-115.09681929497572
176,0.8225501986603709,1.1094167128765158,1.1877406054780466,-8916545.480055144,-123.80678120119846
177,1.199887069314452,1.1489910511221715,1.0332590233615764,-9936460.255490268,-137.96836045054076
178,1.1075949660722042,1.1334297189647282,1.209788434406447,-10036063.795066034,-139.35136171024448
179,0.898939240697279,0.985163240593028,0.777495649090897,-7779882.236275811,-108.02414230401402
180,1.181620410903489,1.0318523903352639,0.8371856833020777,-9049591.335689288,-125.65413107173607
181,1.0686802737623426,1.0354384721373686,0.9148976308197043,-8867553.394053448,-123.1265230804083
182,0.8454230368798517,1.0514719586778398,1.012184620542276,-8383207.471175824,-116.40135021682171
183,1.1089273566942557,1.006049050333598,1.2113089001911241,-9710066.931514382,-134.8248752533205
184,1.0207627355097941,1.018281391460616,1.2259921615950071,-9471941.733875033,-131.518492270295
185,0.9613931464849588,0.8902045685351921,0.7172696057880034,-7590950.378141395,-105.40081185902213
186,1.1020549022694475,1.0360928654060393,1.122447860859534,-9531466.261486148,-132.34499398921056
187,0.8851856646035643,0.890911442676031,0.7087267994007291,-7303410.371386569,-101.40830121882902
188,0.9402350235226388,1.0269753060563898,0.9353464270598394,-8449101.483713156,-117.31629262483463
189,0.9749899688094916,1.1212476083481244,0.9089532802139801,-8749181.736376876,-121.48292534907077
190,1.0055957956639243,1.0850959038223429,0.9379256693927621,-8837531.552276578,-122.7096679648885
191,1.0488346800911494,1.1087091126240234,1.2697123741945853,-9922715.163003867,-137.7775089978273
192,0.8588293923716152,1.1279762875484483,0.9952697758477229,-8586725.164403869,-119.227205877225
193,0.9032977553195833,0.9877407268714783,1.2880195451712864,-9143187.397588156,-126.95371813521567
194,0.9970472375971479,0.9486254830862524,1.0800405125900354,-8822415.354555693,-122.49977863184915
195,0.8960582475112773,0.8727589984325992,0.7773278331463895,-7474037.044502068,-103.77746304643946
196,0.851218335583109,0.8955708080536883,0.7832963035896461,-7392576.321088684,-102.64637590257959
197,1.0563498979212858,0.9045640253197434,0.907400369994318,-8460825.501422333,-117.47908133023246
198,1.1587153639624046,0.9921884920788616,1.1005346431126164,-9557028.436604448,-132.69992635948523
199,0.8689279484806519,0.9076867056426012,0.7245211697598872,-7332027.98626857,-101.80565855773581
200,0.8675740252288658,0.9335771017095875,0.8062062905660481,-7609911.273501238,-105.66408505472845
201,0.8354810135028223,0.8861907613301803,0.9764672608196354,-7820310.5403925665,-108.58549178777034
202,0.8825334873623171,0.9592809583144226,1.0020503625129142,-8244372.191614829,-114.47361383976136
203,1.0761579314517462,0.8617936419523297,1.1796462393454257,-9133098.4095819,-126.81363191758507
204,1.051160155796363,0.8745277095846615,1.2241471744640664,-9195901.47906114,-127.68565639154444
205,1.1683489602127253,0.8683233879564591,0.8661265888883222,-8649507.308909431,-120.09893980664069
206,1.1224805119172245,1.0744779071150974,0.8107126116138264,-8884861.786488585,-123.36685117159057
207,0.8837397293346841,0.9611416308374146,0.9907137911146128,-8223702.228102386,-114.18661012787024
208,1.0473019086121185,0.9606740918709317,0.9775208296798887,-8760767.713949202,-121.64379735869687
209,1.0989883752535026,0.8610049608671794,0.8514621666064124,-8348784.574530107,-115.92338618435413
210,1.085339834353821,1.1185620513061598,1.0070064652693997,-9386288.026901156,-130.32918529237327
211,1.0128453941061262,0.8821516034019328,0.9684474200940728,-8409932.362122854,-116.77242696773449
212,1.0130469065820094,0.9227411510904189,0.8615459385696286,-8236421.291342928,-114.36321510153728
213,0.9509136652418491,0.8560213593333179,0.893247499349907,-7926768.789848991,-110.06367111484226
214,0.8845792027986179,0.9482492056533743,0.7718572790915507,-7617784.207158186,-105.77340122171908
215,1.1562109122959578,1.0280777360662146,1.1074613914866938,-9660743.025229175,-134.1400097875299
216,1.1156684954429352,0.9995326596787172,0.7521521728524542,-8510248.765518071,-118.16532638531991
217,1.0148426167274192,1.0260523354062636,1.147263684510598,-9264781.643437492,-128.64206170110305
218,0.9726638184918718,0.8882740908386692,0.8702655434792347,-8027315.60818821,-111.45976985806578
219,0.945232918559454,1.0437751723994804,1.042466982801347,-8792176.944665996,-122.07991645479193
220,0.9424386903591385,1.1459545746378939,1.0634648916141323,-9106004.437999073,-126.4374304593937
221,0.8948907166943978,0.8805347417861211,0.7917154835105992,-7528175.629709813,-104.52918062454755
222,0.8983830913538032,0.8982044119778667,0.8119402144307835,-7639966.801040752,-106.08140789912987
223,0.9140380674775389,0.9020120785884264,1.238059254775855,-8824323.893416924,-122.52627881106487
224,0.832093498264657,1.0073534168710763,0.946238096193797,-8047347.702585573,-111.73791671814783
225,1.1929514467634426,0.8836116706504157,0.9387133594274449,-8966557.617489247,-124.50120279872839
226,1.1877881733101474,1.109652137768194,1.190243242569568,-10203159.82454116,-141.67150033423187
227,0.903161130817976,0.9012662762170197,1.1011859319546586,-8424664.577331731,-116.97698468002949
228,1.1717503956510342,1.0170288679041788,1.04296761368194,-9516709.29805072,-132.14009264627109
229,0.9119916374641137,1.080847879957581,0.812226249134514,-8168235.8492045915,-113.41645605288878
230,0.9294716945616975,0.977630931584925,1.004566227210673,-8463615.165881228,-117.51781599244663
231,0.8969638929660321,0.8844510474217611,1.0663720254649796,-8267313.96799606,-114.79216181275733
232,0.9154522212961024,1.0243714664267836,0.7926176291645214,-7980465.016338506,-110.80924651500007
233,0.992456040741927,1.0097768297654757,0.7310941220934561,-8050227.576875126,-111.77790394939687
234,0.9346417112775682,0.8903244030816923,0.7380249822836606,-7552084.736073315,-104.86116003371264
235,1.195984092955978,0.9467061534924168,1.185924667512781,-9792426.824848162,-135.96844742670734
236,0.9018562619055056,1.0544508166671787,1.156136715933812,-8966913.842511235,-124.50614900502032
237,1.0382554962431376,0.9914728565650475,0.9471045484883611,-8730083.198514558,-121.21774097877044
238,0.9395473066171981,1.1288587432743478,1.1983716446726376,-9405392.837176213,-130.59445675550944
239,1.186010764266605,0.8872891670456634,1.1385204851221866,-9476846.265063332,-131.58659198683688
240,1.175336182728415,0.9043699198496981,0.7398977604200665,-8437053.40761685,-117.14900434884399
241,1.0964482597160237,1.0223419339539734,1.2050972660549633,-9692838.722675571,-134.58566051629413
242,0.8559089506505159,1.088580193557967,0.8209763920286467,-8015082.666035895,-111.28991470554216
243,0.8654623771462818,0.8992797393792978,1.1887448321388292,-8517425.268569853,-118.2649725706177
244,1.06607888827848,1.0069196274307357,0.9152982904741015,-8784567.745605737,-121.97426225886177
245,1.1508802163252432,0.9677335322267906,1.1899596636829464,-9700273.632022101,-134.68889468885294
246,0.9756539634280874,0.9630833288274723,0.9776078714017639,-8516344.80219192,-118.2499702286516
247,0.9205511496656569,1.0742828140528753,1.0016322340554875,-8678585.509534221,-120.50269240685236
248,0.892885078058727,1.1198723719823704,0.9303347328239269,-8514131.070556723,-118.21923242903962
249,1.0174211444455954,1.121941633289364,1.0745427975483952,-9334683.00691765,-129.61264642288927
250,0.8467592162833457,1.1319496370840425,1.0766248318428506,-8768621.280623686,-121.75284461394743
251,0.9339622458628345,0.8917816217990161,1.1764151135621777,-8705286.479353521,-120.87343701143855
252,1.0480291023714055,1.0100383275928964,1.2363355498305746,-9572973.27744589,-132.92132145310757
253,1.1154388844898122,0.8955024639198254,0.8870332406773289,-8590496.902114859,-119.27957668681458
254,0.8993956559257863,1.073183887771803,0.7201194608414676,-7861991.212314242,-109.16423047535609
255,1.0279558739485266,1.0787376057222071,1.2260593820570498,-9656148.367225604,-134.076212679175
256,0.936832699486363,1.0963771914016038,0.7663790421731242,-8175601.353508265,-113.51872653216813
257,1.1385809166938072,0.8882465986995947,0.9383723743362203,-8787380.00607022,-122.01331066800026
258,1.1189181463118214,0.8949752282046322,0.8375508371395849,-8471297.659194468,-117.62448788357752
259,1.0889010273572266,1.0660109609638222,1.0846885797311785,-9464787.889912339,-131.41916070783984
260,1.07757937778684,1.012817333004279,0.8510794353441716,-8671630.409600474,-120.40612041743606
261,0.9382783974015678,0.9044793150404277,1.245070336800177,-8934139.010998143,-124.05106845806141
262,1.0333567179064482,0.9702554250290919,0.9772034821864796,-8736256.666871123,-121.30345996576864
263,1.1789133358447261,0.896005420934824,1.0517378992100783,-9246885.606274787,-128.39357412681463
264,1.0023554715537863,1.0334362706303943,0.7108661102925042,-8093920.2382982345,-112.38457923468633
265,1.1488495635776605,1.1296354847450836,1.0390799101535253,-9722118.194392057,-134.99220777796606
266,1.0786603295507569,1.1267498143531887,1.1243431805880393,-9692672.037060026,-134.58334607629274
267,0.8610156171657045,1.022886508050044,1.0640290278297135,-8498934.667351717,-118.00822943793105
268,0.9696522685209544,1.0709332706874168,1.260620208861409,-9522207.648047235,-132.2164375734078
269,1.1702274051627104,0.9852518114212396,0.7679428275044531,-8705334.074230274,-120.87409786922318
270,1.1939364795849339,1.1016694259337803,0.77479760872196,-9112251.879608572,-126.52417656954863
271,1.1683367530469488,1.1109689086186385,1.0113028342756434,-9668363.062519476,-134.24581447294932
272,1.0365101742979717,0.969700811161039,0.7328569832932188,-8103890.636347702,-112.52301882348901
273,0.9340788966583604,1.0908560345794034,0.7027792138027616,-7984357.841288775,-110.8632986283382
274,0.9333996686764577,0.9694506080772829,1.0224373617627538,-8502834.803107891,-118.06238306225784
275,1.1679422465651041,0.9539037983097883,0.9081719211377366,-8983385.285117462,-124.73485599646435
276,1.0950004992438993,0.9856653822669421,0.8347628937639892,-8618454.326233454,-119.6677672364554
277,0.9809758064530774,0.8922571061139399,0.805832191903734,-7897615.147719956,-109.65887100471429
278,0.9993471090957919,0.9756776348513643,1.24890754064086,-9345197.278297015,-129.75863772625522
279,0.9449575596466533,1.024176505083413,1.0793585727517183,-8836644.92193342,-122.69735704816102
280,0.8052377826353335,1.049061211605013,0.8068215801218508,-7696569.033907407,-106.8673333761766
281,1.184428126987782,0.8945988183259339,0.9487744742362142,-8991999.320619652,-124.85446240805777
282,0.8341398672314576,1.149062275553784,1.0013170061987455,-8571523.598561658,-119.01613120258199
283,1.0381540069280175,0.8701229432165282,1.1499762822395068,-8943904.57883713,-124.18666396682109
284,0.8839622372382343,1.119416286832214,0.8230837842892043,-8199902.973099882,-113.85615601159422
285,0.8762750882654666,0.8609649003544284,0.9832401670659996,-7914731.082588978,-109.89652681077987
286,1.0259364533050466,0.8697125918285057,1.1653165700170063,-8940331.185688674,-124.13704718365474
287,0.981315533899211,1.0073170807982739,0.9644576481629369,-8617840.864836924,-119.6592492873163
288,0.9603052243501304,1.0178920993924654,0.7931441475584274,-8121944.600792891,-112.77369922778679
289,0.8727712521981085,1.1085356863040552,1.2676692772801796,-9300145.414865471,-129.13308983766407
290,0.9493237265119012,0.9312234019430661,1.0863997259434095,-8626228.718432447,-119.77571514925482
291,0.9634936684392386,0.8576159066981034,0.7936915584197142,-7713468.771881468,-107.1019872750876
292,1.086388891538959,1.0476771825730453,0.71625759550209,-8439866.412117533,-117.18806308897076
293,0.8887888647731798,0.9193224389764214,1.103135646159237,-8426878.95611289,-117.00773146530285
294,0.8078842151017457,0.8812325745953721,1.1799496512239136,-8245209.075917437,-114.48523402966286
295,0.8714178648217334,1.0458238323555624,0.8429096686280358,-8014702.945672378,-111.28464226499119
296,0.8397765571037381,0.9229516572998362,1.1333601591133955,-8344131.562972172,-115.85877883331571
297,1.1422785872425143,1.0990659593700973,0.9383101177710729,-9354041.088615686,-129.8814345752768
298,1.0672340546282584,0.9114952886247463,0.8758886381566079,-8434373.827886902,-117.11179821984717
299,1.1585343274084479,0.8539005770532208,0.7513051185126808,-8275571.894871666,-114.90682363421615
300,0.883154502058411,0.8579596611621458,0.8088612610538783,-7472799.871359075,-103.76028482142338
301,1.0332166243878769,0.9764273651777493,1.235603026646185,-9430857.112067528,-130.94802977512427
302,1.1269774246953763,0.9525452055093627,0.8556540600587754,-8698340.340692382,-120.77698944984238
303,0.9518769632669067,1.0270884827544422,0.8608381844937257,-8294429.706019742,-115.1686654993158
304,1.0496595631396537,0.972823495657372,1.0312283085111882,-8942047.966002552,-124.16088478367217
305,0.9744506116541267,0.9383397278625752,1.269071984177294,-9212866.673707634,-127.92121916036928
306,1.1054423176639043,0.8920339527299357,1.2210807855387478,-9423987.60674489,-130.85264627213618
307,0.9949724792998055,1.1183656680682272,1.179913153568389,-9523483.493617378,-132.23415276744822
308,0.9700854017876934,0.8567407924960352,0.8612064156309677,-7911637.668912239,-109.85357457203479
309,1.0166536858643467,1.0400434659478441,0.8547326112599214,-8539336.182578523,-118.56920695630636
310,0.8557424296291297,1.1004790710397896,1.2906413084221313,-9279680.100700231,-128.84892769451827
311,1.0102760729210742,0.901503785754491,0.8633843959116213,-8175749.650367877,-113.52078564316487
312,0.8073562706189867,1.1242896419681496,0.7706506497340846,-7806603.242427431,-108.39516511430412
313,1.0306065902057013,0.9322165662061618,1.032506801509476,-8771980.805308418,-121.79949182036982
314,1.0605681553407458,1.0989225411121604,0.8238527630563619,-8766728.150086828,-121.72655838026127
315,0.8043983314633922,0.8910656890206422,1.240011185108863,-8416627.693890981,-116.86539206022913
316,1.1495560310250061,1.0292239306510924,1.060310116260192,-9516565.008147093,-132.13808917210412
317,1.0660146698185022,0.9026113835870349,1.248647167554976,-9386086.120081171,-130.32638180378672
318,0.9675082099568293,0.9649415584748492,1.0113506231697025,-8581342.509431018,-119.15246738259206
319,0.818786386710022,0.8998850106268238,1.1428201698558222,-8234855.628902518,-114.34147578246709
320,0.8331194671700506,1.0309456328399165,0.8472094658087925,-7852752.539780409,-109.03595094024418
321,0.9557182456167906,0.9366081210312099,0.9134036298789695,-8208274.280072861,-113.97239212266325
322,1.087618362073698,0.9391365146869525,1.0398427841781384,-9009145.489517298,-125.09253801546627
323,0.9904201608796399,1.0491013496087944,1.2620978435948549,-9541481.658522343,-132.48405839170556
324,1.0930288388841,0.914482113577227,0.7187098810367708,-8119634.124657438,-112.74161812485153
325,0.90490561771993,1.0285233792100763,0.7308554880905501,-7792164.941200626,-108.19468841568776
326,0.9985464988804945,1.0290528546750668,0.9005463344901765,-8567395.556177665,-118.95881308074125
327,1.1083648814983287,0.8819794759401315,0.7450826690414852,-8157251.404856053,-113.26393636899122
328,1.0912755024814413,0.9986473948618595,1.1130414378566416,-9370615.368611524,-130.11156947018677
329,0.9739309354414984,0.923920609971732,1.19146139060452,-8969262.675557515,-124.53876269601639
330,1.1197663515875917,1.058408941256328,0.8632870823379776,-8971262.643082783,-124.56653236784324
331,1.0360922667476349,0.958292169082008,0.7549492439959804,-8130495.080822886,-112.89242316774838
332,1.166925430184897,0.8910455892756884,1.2701424122924816,-9765661.345183345,-135.59680709895716
333,0.9784023091831823,0.9055398786515858,1.025140568427015,-8499671.607937492,-118.01846190319077
334,1.1491783343505633,1.0696674659228682,1.1839366887168699,-9946292.503981238,-138.10488182424544
335,1.063513346684287,1.0576829693553558,1.2095173909391916,-9681930.297275575,-134.43419636016236
336,0.8998672035436744,0.996827489092942,0.8327256650917613,-7958879.7538571535,-110.50953382075352
337,1.1950672031986587,1.133217801905984,0.7236560868211035,-9064737.001838023,-125.86442957570459
338,1.0822300690062754,1.1275744952246998,0.8083452070764001,-8877142.77963173,-123.25967228766575
339,1.0271780922210518,1.1246464892764125,0.7203675871514793,-8445466.534518585,-117.26582113219027
340,1.078968106898736,0.9392047022117652,1.2546377172259182,-9543339.518209413,-132.50985488747781
341,1.188423298066147,1.13327994673403,0.9845285299944783,-9726999.755743638,-135.05998855691539
342,1.1448170603957253,1.103364819560521,0.8914602839459533,-9251141.942731084,-128.45267361972273
343,1.131566189660271,0.8611022904146478,1.0577619270892318,-9005157.406391824,-125.0371632365194
344,0.8920035349150812,0.8861700657331836,0.7461719209775255,-7413213.613890267,-102.9329259796454
345,1.0785155103512558,0.9519624891304198,1.134860062917257,-9260587.851943215,-128.583830648831
346,0.826142536319577,0.9445871013491831,1.0236947754252024,-8065096.632600532,-111.98436170066182
347,1.1162892659355854,0.945625750879621,1.0755348258622055,-9220399.138462337,-128.02580789575757
348,1.1543910992944748,1.0347589564546913,0.8397756848521802,-8968648.408643767,-124.53023356222128
349,0.8097603126226153,1.1110296621702789,0.7127616465102322,-7628099.525587195,-105.91663005115956
350,1.1498806690736798,1.0086811402081635,1.2634406191077376,-9997402.847401844,-138.81455207929514
351,1.1195132943094661,1.1493802331600012,0.9104270892710261,-9333226.88371802,-129.59242806289976
352,1.1068753155724507,0.9705792740827726,0.9879253721823453,-9022810.483163042,-125.28227729086151
353,1.0510021852873481,1.1121031342559016,1.2904500815195772,-9993707.585239246,-138.76324313738832
354,1.1073093655458073,0.9753300346502001,0.9528142013662421,-8944567.050026065,-124.19586241993547
355,1.0950329206355567,0.9216331437304907,0.7662844678788368,-8270431.379751275,-114.83544726629484
356,0.9418488630563107,0.9361716974962245,0.877784872273594,-8064964.733136734,-111.98253026851228
357,0.893443100419964,0.8626279568909085,0.7107243608400482,-7263276.719307296,-100.85104299669602
358,1.1950889558944127,0.9783319401207586,0.930595988295809,-9201571.34200869,-127.76438278653208
359,1.071858913077228,0.9154761663595192,1.2699767103701352,-9496394.872743681,-131.85802560418148
360,1.1145380057662209,0.8768233006936779,0.9505484654709571,-8705135.966892218,-120.87134713667638
361,1.1516473230248658,1.133419606687423,0.9804409067499218,-9587802.078340914,-133.1272202635822
362,1.045364555684283,0.9001101838276225,1.294701175682186,-9428172.62913881,-130.91075556491165
363,0.8926686805533773,1.1328195322405377,1.089787989395421,-8966309.264917452,-124.49775440802756
364,1.0430947179515437,1.0038065533049525,0.8384018870306552,-8493851.071668638,-117.93764339988995
365,0.8706112128022033,0.9161458627210526,0.8118629572865527,-7589615.920471181,-105.38228283237521
366,1.1118337894267012,0.955037577750019,0.7347056059380378,-8334080.668827355,-115.71922155128904
367,1.1876410520563245,1.1151357654890277,1.2566513699171278,-10391520.92245381,-144.28690573851682
368,1.1979631290585742,0.9021685747658461,0.9377452113415953,-9030323.210594697,-125.38659197230801
369,1.1032953902816365,1.0588061854161377,0.792337543803913,-8728207.833946276,-121.19170142664825
370,1.126333249996247,0.9173321715509981,0.8342905688935738,-8547444.042227542,-118.68178508511437
371,1.0147897691573655,1.0278819804525108,1.0480517247026868,-9008750.3948689,-125.08705210202619
372,0.836594734959102,1.113238258789114,0.8593600255532237,-8113050.67348522,-112.65020650129723
373,0.8518059685131217,1.116624423960693,1.273390898937852,-9262987.519453553,-128.61715017948023
374,1.1448510469061801,1.0928548224174635,1.0931451883834131,-9753522.20591725,-135.42825440526542
375,1.0203429482436557,0.876096027973423,0.9450719278424192,-8358873.833387534,-116.06347616276985
376,0.9490754068049256,0.9279261351280979,1.134052068213151,-8741890.020440217,-121.38167942579582
377,0.9983502940315083,0.8743138647722943,0.8321099211698868,-7980374.2559090145,-110.80798630086659
378,1.0733035054638385,0.87283925784709,1.2107241484292612,-9233767.771816393,-128.21143219031504
379,0.9980586108055898,0.9941759731979943,1.0554446707957106,-8881010.937003696,-123.31338189016529
380,1.1298723863700597,0.9543427623706578,1.1068096915354382,-9373048.536785338,-130.1453541596043
381,1.0262927855983164,0.9301084810508263,1.2271779918130947,-9262777.969728708,-128.61424056869063
382,1.1189704086427712,1.0475355503975277,1.210349037456545,-9851720.485698227,-136.79174354647733
383,1.146917680383921,1.0625088930145103,1.2022079970182034,-9967569.237314787,-138.40031057234023
384,1.0789885846677134,1.05404223152809,1.0711668269291106,-9363095.354487494,-130.00715361256945
385,1.1010866558230565,0.8975815315879221,1.228522455519357,-9442855.61214903,-131.1146296851069
386,1.1487374110980928,0.8587741849103677,1.1954900503388577,-9421035.353008829,-130.81165404783042
387,0.8515479469893781,0.9505356562777425,1.1461049537749646,-8491319.666330228,-117.90249468141315
388,0.8643039584193233,1.0953901072357186,1.1992805067746453,-9056274.853533158,-125.74693212716738
389,1.0029870935043346,0.85191576151505,0.8722228799049476,-8043157.935257341,-111.67974154166825
390,1.0467707673502968,1.144355853408227,1.079088116210001,-9508323.124238472,-132.02365010822643
391,0.9039214324256639,1.0402017109298833,1.0239912278295134,-8589535.241857294,-119.26622397512097
392,1.1119381580604575,0.8820941916480874,1.1566167415012167,-9251266.19302129,-128.4543988426275
393,1.016506631470444,1.1388976011576983,0.9051232996232116,-8930922.123357123,-124.00640177574464
394,1.0530487572535792,1.129608431653005,0.7615058367944075,-8657206.91105481,-120.2058492549558
395,1.1748913948945805,1.056365716690244,0.7407022354631031,-8836937.389074093,-122.70141797235804
396,0.9203854267787265,1.0624516265935844,0.740410360881263,-7960630.71142246,-110.5338459740045
397,1.0328681840705094,0.953764917085887,1.0725493106604862,-8941716.719490223,-124.1562854055198
398,0.8182968135250052,1.1114610418457127,1.2840933815064381,-9160158.178912252,-127.18935847540185
399,1.1875511421142766,1.0748955495228774,0.7780517440783792,-9028092.316510305,-125.3556158710357
400,1.103305278371609,0.8573760749376405,0.7132741309173983,-7991320.360948624,-110.95997364110679
401,0.9294440876598166,0.9965929571213997,1.1622444506846759,-8927593.72078839,-123.96018670181287
402,1.0733181506426022,0.9837708119130244,0.8641759997689995,-8614799.154185213,-119.61701494824676
403,1.1988498000630845,0.9778543906707918,0.9708322145978053,-9319200.844829034,-129.39767565214467
404,0.8654495284766677,1.0884428646249786,1.1162093354688931,-8823788.326681526,-122.518842434076
405,0.8883078451155042,0.8747143136847528,1.108299581244828,-8321564.838416637,-115.54543847793656
406,1.061804485712454,0.9319778580994628,1.2705181373502463,-9505950.689009255,-131.9907086994718
407,0.8604231567123601,0.9797004403127805,1.2661695521005594,-8914469.837702814,-123.77796077975367
408,0.967890926770449,1.0415577842992256,0.9385566387776766,-8592725.08074807,-119.3105150838806
409,0.909686080939468,1.1451932943879484,0.9456004037890258,-8679615.100894064,-120.51698834607005
410,1.1576396814716536,0.9189863817673258,0.8278628224150499,-8644568.60565016,-120.03036560879626
411,0.8124536331538046,1.0455000476127654,0.9211158062342567,-8012767.665513853,-111.25777078122144
412,1.1457432999358548,0.9919629720074671,1.2809160567488331,-9984899.255776731,-138.6409389422319
413,0.8742102062812485,1.1105869503866832,1.165958111675045,-9043356.16229778,-125.56755530654084
414,1.1083687378576208,1.1034349684350662,1.1566143945657994,-9820270.430427171,-136.35505759894096
415,1.0504881286525662,0.8893734633047162,0.7195157076947511,-7906765.722817063,-109.78592730151071
416,1.1683391391262747,1.0349950943562214,1.177922374585706,-9906518.950906172,-137.55262359888522
417,0.99260894060502,0.8851924566887183,0.7751114753215302,-7839094.771045214,-108.84631198317528
418,1.0742261148915886,0.9790917684698388,0.820314836020202,-8490453.252666125,-117.89046447451506
419,0.9966378186965748,0.8692626811225402,1.0491828411486392,-8531406.19784077,-118.45909863155752
420,0.907597361774039,1.0892677301911564,0.8862171753541442,-8369355.186178418,-116.20901038951452
421,0.9820880596327205,0.8534861619724302,0.7434681326767353,-7635806.031205854,-106.02363535462483
422,0.956997422562674,0.993981650415137,1.0600123288715821,-8748664.247639498,-121.47573998619386
423,0.9166650314837214,1.0584945658379628,1.2160734383135228,-9186880.313453075,-127.56039695344526
424,1.11194039555734,0.8618856476045071,0.9883041683546974,-8755984.949248828,-121.57738837731272
425,0.84197207136727,0.9226135047587583,1.2919975559602879,-8767711.55332198,-121.74021299453305
426,0.8569982171606053,0.9996664460354068,1.0708934405908714,-8441891.683848007,-117.21618411123981
427,1.0809859882176416,1.0178946050460742,0.7058625084515101,-8315384.032416559,-115.45961760730786
428,0.9305845232975968,1.0053134930154133,0.7527198994869,-7878582.721243343,-109.39460459506172
429,0.9402507724836723,0.8599609326374099,0.7471470982930124,-7515927.149760871,-104.35910972876421
430,0.9587693104806384,0.8898147262129181,1.0405245089569348,-8430001.189793972,-117.05108387157695
431,1.0757859876549063,1.0901760097327249,0.8200901465468861,-8787171.433097433,-122.01041461947293
432,0.866993032903628,0.88137035210032,1.081858149726182,-8194918.650312175,-113.78694838379778
433,1.0825902905947604,0.8594758434476926,1.2617273477462139,-9365187.702809839,-130.03620599743314
434,0.820788513460589,1.012388900590321,1.12543631167055,-8491771.614071392,-117.90877000353535
435,1.1483876494984342,1.0642260796397283,1.181036849841875,-9921608.401830094,-137.76214155100726
436,0.9357800770171224,1.0944475341239537,0.748068907830805,-8118739.371575395,-112.72919442339614
437,1.157926662424211,1.014277712846121,1.1903786619774963,-9848340.440643623,-136.74481141345996
438,0.98092731380732,1.0430733085589574,1.0158415965616678,-8845418.568435868,-122.8191796682884
439,1.0926358087021328,0.8744889946091768,0.7362112503943382,-8059166.259888198,-111.9020181116026
440,0.8988412936040586,0.8978634040339565,1.223070139955321,-8720810.469293926,-121.08898856447223
441,0.8876855949432177,1.1427595767457392,0.9021374750626641,-8481966.640810143,-117.77262734806925
442,0.8728471662754798,1.0869095521427437,1.0952246653005258,-8790542.084921591,-122.05721632690911
443,0.9992782865812556,1.0166090652812894,1.1315210669633584,-9144090.908297768,-126.9662634368673
444,0.8913818965325195,1.1489001748170224,1.2848758972880698,-9516590.875552438,-132.13844834261482
445,1.0601302745387748,0.9098627352787435,1.1081369454587748,-9015370.97915368,-125.1789793211273
446,0.8288793635916704,0.8591957506617418,0.8546097331067282,-7406114.6577245,-102.83435653761902
447,0.9850491826957265,1.110481751622514,1.1363014418597848,-9353431.33461772,-129.87296810359433
448,1.0970826084799925,0.9776480003344226,0.9075609955281777,-8795942.01760263,-122.13219472358055
449,0.9484155051938411,1.1462948691208172,0.7240655148474895,-8236153.556385921,-114.35949758522827
450,1.1468125984489794,1.0236026225717179,0.9631692515137543,-9236974.552019265,-128.2559585302328
451,1.0901030641660545,0.9960006824274108,1.2240539428489963,-9651210.632814087,-134.0076519338411
452,1.1602807456045034,0.9765162780620366,0.8660966783410309,-8905413.979014933,-123.65221962611211
453,1.036940131437345,1.1237090036850073,0.8263973134034,-8755764.652972968,-121.57432955000276
454,1.0491866334253932,1.0394680660277562,1.1398678134491687,-9400903.579011751,-130.53212313038898
455,0.852627074050904,1.0647474894046265,1.2454195123993845,-9056083.613588858,-125.74427674880434
456,0.8718732435480968,0.9212629974771632,1.2828370564249838,-8844839.845986838,-122.81114407156727
457,0.872390781083796,1.1063155280108736,0.9953667138688209,-8577577.214826567,-119.1001860359322
458,0.8988924297612708,1.1112249703817534,0.9671831530015993,-8609265.368885875,-119.54017799975566
459,1.0059269415718761,0.9577700108199296,1.0557705108609565,-8813782.60872281,-122.3799124261658
460,0.8654095490340091,0.9673244609955282,1.2816473934011725,-8940086.380526738,-124.13364804895751
461,0.9032533730804511,1.0470209993623876,0.8951140385348169,-8266520.381755008,-114.78114281909774
462,1.1093892502746403,0.889262098215505,1.281892627047127,-9590298.252277123,-133.16187979187728
463,0.9815158165534557,0.9208151390039392,0.7440980483980075,-7812345.38701038,-108.4748951442352
464,0.8679031620350163,1.0059321845668052,0.9022019058587718,-8053360.904436834,-111.8214103948843
465,1.1315533463530438,0.9792662570985418,0.8492285635525779,-8767690.86800496,-121.73992577763676
466,1.046857994641612,1.0620331650656336,0.8002251447405699,-8559709.447452197,-118.85209098938971
467,0.867047686515327,0.8610014280800629,1.1418412090393844,-8299185.702370591,-115.23470280052403
468,1.0655218110487221,0.9923892627249441,1.2065022693815184,-9509502.63166104,-132.04002764117547
469,1.1222680611800213,1.0256063093190255,1.2209627683079551,-9833543.599251764,-136.53935636264814
470,0.8823364840147073,0.8835758858193183,0.8618497669101938,-7676447.389239893,-106.58794310509779
471,0.822834742435726,1.0093508584003095,1.261963415376977,-8849646.506415201,-122.87788484660106
472,0.8157374162674039,0.886632974203008,0.9713194169700612,-7738786.347952616,-107.45352337258149
473,1.173550007011162,0.9448468314930251,1.0043408852130356,-9231892.74775909,-128.1853973662087
474,0.8166291436201569,0.8945029602886266,1.2919780737753082,-8605031.65796354,-119.48139266377514
475,1.1860474785744182,0.8514819942803229,1.2710870712539435,-9731184.491458582,-135.11809386913566
476,1.0556479751262002,1.1103754883560066,0.9728439133803155,-9171017.04617377,-127.34013451373943
477,1.0062384114317,0.996653974077076,1.1001185545276626,-9033543.636314893,-125.43130778107127
478,0.8558605019025252,0.8589920769618034,0.8847579649547145,-7579300.368420447,-105.23905075908274
479,1.0818723050946586,0.9105560356368845,1.1040594599949505,-9082641.801221473,-126.11303881396583
480,1.1879648184429081,0.8781702147368254,1.1035612709350757,-9367887.61904774,-130.07369450009094
481,0.9775000877218285,1.1104426763132516,0.8062898736684315,-8459866.75649674,-117.4657690981022
482,1.077050380890466,1.101434586894433,1.266768531684414,-9994708.115469445,-138.7771355610374
483,1.0732992113158584,0.9991524292025281,1.0707083441207284,-9197752.706841733,-127.7113608028883
484,1.1475619937914872,1.0211829239916488,0.718232235818102,-8589735.707352588,-119.26900745082574
485,1.172379478202791,1.0568580253094684,1.1059080314663479,-9788912.67899799,-135.9196532959137
486,0.8862700609590869,1.047665641069797,0.936318643392495,-8316975.96442902,-115.48172168099815
487,1.0604931908165969,0.8819779090923971,1.0947071827618216,-8908099.176065315,-123.68950375194788
488,1.1997654903082666,0.8644636116581668,1.2863045105327904,-9853323.912571019,-136.81400722700877
489,0.9627631842891482,1.1112260351011776,1.1694312904349642,-9364359.228929283,-130.02470258675797
490,1.026806504394667,1.071534762775398,1.2271093367808088,-9635957.073350927,-133.79585532458034
491,0.9616561286604132,0.9481099484689716,1.1005560313381508,-8750985.694295978,-121.50797341548686
492,1.1231383767765033,1.0786855404329847,1.1786881893151808,-9864978.645178335,-136.9758339045152
493,0.9742333259251732,1.0953502648525064,0.772125433222365,-8319014.085577285,-115.51002111822181
494,1.01779563918434,0.8517275981494364,0.8947514979401622,-8153725.555351926,-113.21497973224415
495,0.9465846139485592,0.9688518074827766,1.1172803240139173,-8796622.846697615,-122.14164807734709
496,0.9554232405081383,0.9846080867867592,0.8425264785245965,-8147137.164520476,-113.12349952121826
497,0.9493007166517361,0.9181808881789454,0.7439175542610661,-7692101.587374233,-106.80530260689517
498,1.0413794373525511,1.050463839566505,1.0716942076057687,-9223335.595198942,-128.06658077775643
499,0.9853976175202289,0.9639357340537689,1.2180001897430952,-9184282.945082754,-127.52433233422221
500,1.0076327140544872,0.9937545632889192,0.7153852394838613,-8020025.986416171,-111.3585530123951
501,0.9364991310504626,0.964058685635757,0.9392936685381403,-8281088.377182475,-114.98342032964965
502,1.0320689476909328,1.0100807640180636,1.0647430556760669,-9066363.059001457,-125.88700747921041
503,1.1059533046168513,1.093895721614828,1.1308738457358967,-9719120.942123704,-134.95059074627784
504,1.1822094783819739,0.8554697748029084,0.8174667914101277,-8536450.286123643,-118.52913610692217
505,0.8030251499912568,1.0442424142463809,1.2388183293699921,-8811114.652182283,-122.34286768586743
506,0.8973929186305197,1.1281103634388918,0.7361604341737364,-8041423.758617629,-111.655662392599
507,1.1737744107222057,0.9554868061718903,0.7608524970695298,-8620931.569258543,-119.7021639078878
508,0.9943487036745302,0.9270329703161524,0.8709237411771537,-8206835.181126032,-113.95241014546866
509,0.9229159859705146,1.090907769349799,1.0234967660051526,-8787990.368623558,-122.02178558951145
510,0.9245230796624014,1.0331001349932754,1.1296904045339162,-8920741.336917698,-123.86504093123581
511,0.9090496002934135,0.9740647304576054,0.7731316560021685,-7774674.996132694,-107.95183945505721
512,0.8724597398138721,1.0543353561894948,0.8088630086173761,-7951265.834497445,-110.40381408317583
513,1.010065353466824,1.0627138785167298,0.7641261538568462,-8337773.510826212,-115.77049688907381
514,1.0269248878515613,0.9269688351104091,1.277756125142548,-9389624.215589624,-130.37550847705538
515,0.9934182586879698,1.0917977649325474,1.030135925293757,-9054739.17373702,-125.72560911895295
516,0.8173650131419277,1.0399454126782066,1.2708420053239942,-8934191.346765196,-124.05179514339879
517,1.0406447280585325,1.0957566578280369,1.2305238780090446,-9757039.458924457,-135.47709167912518
518,0.891231908779573,0.9136134519724679,1.066588593310595,-8324420.384016555,-115.58508790383696
519,0.9644113879226819,1.1019583908600161,1.2400138740388067,-9531221.542097509,-132.3415960454808
520,0.9413685517210872,0.9210611676923446,1.1683153091463172,-8786874.746521138,-122.00629510815334
521,0.9099224142192545,1.0967842955541034,0.9542429521892577,-8575967.20218362,-119.07783091157799
522,1.0670199597165881,0.8786605941504004,1.0743155948059437,-8868673.473055303,-123.14207544608858
523,0.9807070714948917,1.0259825389526422,0.800808524646918,-8234803.424441509,-114.34075092032217
524,1.0947494979776728,1.1088391232629684,0.8300438800544654,-8928783.356676998,-123.97670486913445
525,0.8382858222080647,0.8570915758139009,1.0851829002659596,-8039306.777025788,-111.6262679732766
526,1.0428376144355123,1.0140092238142209,0.8391682576695852,-8521768.680987267,-118.3252811185898
527,0.9563623983622058,1.0283429005558518,0.9980601153155017,-8673951.855309406,-120.43835383357228
528,1.195114208085955,0.89093192576702,1.1170867324285563,-9461994.330511572,-131.38037196411872
529,0.9617275072417169,0.9784598844776844,1.1305586593949057,-8909796.037959388,-123.71306478348393
530,1.0769744605297478,1.1473767981106564,0.7770365736724751,-8828502.673205636,-122.5843014248839
531,0.8416438597536666,1.0673016451386224,1.0470321502038455,-8503109.997822706,-118.0662041577618
532,0.9096642666239224,0.873825810696696,0.7513949497578583,-7456369.651941497,-103.53215021648361
533,1.1576763498656473,0.9075601974156229,0.8940229372693125,-8788495.895351952,-122.02880485915951
534,0.8906625608907952,0.9564988917495811,0.741654305647656,-7581417.658368212,-105.26844945994608
535,1.007623916363308,0.8702837690776645,1.180213904693417,-8916822.160247605,-123.81062292265071
536,0.8934848327641732,1.0120035743813531,1.228047452536875,-9014996.398157127,-125.17377824100204
537,1.0603509476188777,1.0098873359654006,0.8946002518692253,-8717921.166638099,-121.04887041977885
538,0.9332007652232792,1.0508460865594569,1.2964836167327005,-9435966.642278021,-131.01897591567013
539,1.0647356759397515,1.0173350252110074,1.1383903061435476,-9393341.108549686,-130.4271177639125
540,0.9860822449134873,0.8680427027802355,1.037378089526746,-8460211.23568541,-117.47055221277765
541,1.183050113802152,0.9025908827072978,1.1140029344923994,-9442263.01517758,-131.1064014397905
542,0.8803734754636227,1.0107483053419244,0.7580058697880317,-7730860.498600557,-107.34347246791678
543,0.9801483745032741,1.0768489986685736,0.9085429145433892,-8649527.859364452,-120.09922515096983
544,1.0659646897948871,1.0886349882369186,1.2563066916876717,-9894761.934972499,-137.38937671111515
545,0.8938568327421814,0.9697947747427924,0.7914496079982505,-7758362.429209746,-107.72533846222576
546,1.19699340086335,1.1281002903772885,1.0239742781683359,-9847045.682755841,-136.72683362072848
547,1.1368133177505684,1.0062873931816125,1.0741514128016558,-9448032.230172703,-131.18650734405594
548,0.8356497728464067,1.0765811261490423,0.7766280901811409,-7796077.477212745,-108.24901421832935
549,1.1304270521010114,1.0846084263011158,1.1252468186457858,-9765668.541878335,-135.59690702550876
550,0.8144641522099049,0.9409385067835986,0.8578675419465057,-7578934.851579469,-105.2339755353139
551,0.9440545629886077,0.8762928240291515,1.2621746938186378,-8925257.436733937,-123.92774725433847
552,1.0215208962849505,0.941657293197407,0.9381889102445701,-8517161.645193819,-118.26131214386282
553,0.9788810162019342,1.0301783000081852,1.0094076566178987,-8787468.76174292,-122.01454304596264
554,1.167756789285767,0.999089044871749,1.2952948088939877,-10118510.244855514,-140.4961357253307
555,1.1405699830980383,0.9125531543072007,1.2583571287863498,-9698881.485829145,-134.66956465352737
556,0.8465465591541905,1.0952349125473575,0.9283739760859481,-8281928.49285988,-114.99508538738853
557,1.1511897281780277,1.110417007032235,1.1835552400705727,-10059394.797056511,-139.6753141047117
558,1.1160121745228244,0.9414037417294122,0.7485515698307512,-8349274.772019605,-115.93019260657935
559,0.9611920715060646,0.9020573544959526,1.116970653341477,-8671494.225477664,-120.40422949253318
560,0.9384398906151142,1.1426830602579743,1.0845832464071992,-9138884.553256573,-126.893972877605
561,1.1289922254537443,0.8897574018225545,1.2172086893635736,-9490328.49571121,-131.77379358679053
562,1.1691028762053577,0.9961185756456807,1.0637517626505866,-9507103.686111115,-132.00671813499085
563,1.1059239203611981,0.9024515881781238,1.0015396458780654,-8876258.278130967,-123.24739093004557
564,0.9594652111089252,0.8939121976486747,0.9205206533749188,-8127925.725947545,-112.85674751762231
565,0.8272689237541975,0.8577435720848461,0.7810997734928936,-7203530.246076218,-100.02145954922646
566,1.1852460446356694,1.014858860768505,1.279493296691932,-10179691.458751196,-141.3456406349787
567,0.9729991513320528,0.9435448399255778,1.0036851177041464,-8524223.897702495,-118.359371953358
568,0.9758046754531641,0.8816994052785232,1.0844957888141238,-8583877.70204301,-119.18766868759499
569,0.8864152730038398,1.0358763864693488,1.090120655438892,-8690585.37854615,-120.66931132451798
570,0.8608099412514593,0.8684048881332004,1.168456951641064,-8366711.418679582,-116.1723015155445
571,0.9839201695077281,0.8674491386516427,1.2969197903018603,-9132954.870821793,-126.81163887309197
572,0.8231122243985467,1.058510568657566,1.2902073551580482,-9053976.017977323,-125.7150126543945
573,0.8956720416863703,0.8926748106061588,0.7728309636534573,-7513193.343627897,-104.3211506628335
574,0.9213100590270382,0.880313743303194,1.115296805016479,-8470265.243635455,-117.61015273018103
575,0.8249167192520251,1.002826638444937,1.2980181123117862,-8934523.098723026,-124.05640153969297
576,1.1255881078024075,1.0345658314693031,0.883752172471967,-8982781.282655025,-124.72646938520562
577,1.0495583345166555,1.0081124391734955,0.9556500303342229,-8835843.855964899,-122.6862341980265
578,0.8522841506960798,1.1159812645721399,0.9698707892927935,-8465554.510952268,-117.54474391777612
579,0.8778490047283061,0.9603278052631868,0.9484778515173562,-8089965.340647999,-112.32966523809975
580,1.1310151582267496,1.0700843141684206,1.161582936184804,-9825033.906448372,-136.42119875583103
581,0.804412505771459,0.9748461994539284,0.9888064909811942,-7976814.844691348,-110.75856365766734
582,0.8076769107292228,0.9279439626235102,1.156173893873281,-8304740.160994147,-115.31182679939062
583,0.8548438822915997,1.0105930394357774,0.8291211232103425,-7827859.368797213,-108.69030773344234
584,0.8048483098575574,0.9223604372798624,1.2855242529460322,-8619996.061595388,-119.68917432657254
585,1.1206148447531958,1.1378729932963099,0.9927124263558175,-9523036.212167257,-132.22794223706353
586,0.8438944794710015,1.014387846692108,0.9726264007359765,-8176495.630231626,-113.531143619354
587,1.1377428330958463,0.8794247742352733,0.9929446822130669,-8904641.44095696,-123.6414928877663
588,0.8600194658775937,0.947402778067018,1.1424142464326799,-8503068.060134161,-118.06562185038263
589,0.9904072517475067,0.9627664855437308,0.9366857671420212,-8459680.892142555,-117.46318836013779
590,0.9837787073623947,1.0855049631511169,1.2352508133641407,-9543324.169109365,-132.5096417642817
591,1.1821338746015713,1.0860710158765885,0.8892441374488076,-9330604.741205199,-129.5560194531877
592,1.075253882434617,0.9812809372166176,0.8528023732276306,-8585157.319972435,-119.20543626107553
593,1.136348631770369,0.8615279046886974,1.2410571952812541,-9504587.940819748,-131.9717868572283
594,0.9845909858498937,1.0411604430424841,1.0956123533234696,-9062803.229364106,-125.83757902622817
595,1.1580470962826146,1.041000904650162,1.068360150856037,-9598399.218523622,-133.27436220536825
596,0.826660816224276,1.005522406583561,0.7901014004902249,-7613299.011456365,-105.71112400414172
597,1.0949735074885942,1.0036665762438022,1.108136667525012,-9383869.985671526,-130.29561064150406
598,0.8166691602409537,0.8754376048137409,1.1297940328376093,-8128987.265444712,-112.87148705868742
599,0.8288337343994694,0.8713770183295776,0.7072650851409324,-7050848.996473611,-97.90147102840768
600,1.182600559319792,1.071252507837702,0.9119508451012385,-9352963.673719091,-129.8664746033164
601,0.9186142325150621,0.9549109689237548,1.1647921187087091,-8786841.954750625,-122.00583979240733
602,1.0645482444281658,0.9055586703602403,0.8044656012004506,-8221723.578687755,-114.15913645931789
603,0.839358259885359,1.0480908159104014,1.1586235973330417,-8737809.087158319,-121.32501541672877
604,0.9060185713300016,0.8562834883092738,0.7493030004858564,-7392015.033958446,-102.63858239632991
605,1.187144013938012,0.938633433243226,1.16153388870288,-9676171.009821644,-134.35422830041563
606,1.0498654275417054,0.9645818918958687,0.8234123573173331,-8375135.358429344,-116.28926843594925
607,0.8485545672637627,1.03450389041166,1.164780268382673,-8750502.538417056,-121.50126476645663
608,1.0575617014164522,1.0090906399747475,0.7251707340589817,-8260926.406678779,-114.70347013186064
609,1.1873955110377534,1.0896142574963723,0.8756932220205789,-9322743.640615508,-129.44686758906212
610,1.1919881317435401,1.0305644768908966,1.049453594924348,-9640203.056652244,-133.85481106329618
611,1.0992292717718128,1.0935309364270411,1.0938871643989017,-9597435.757459968,-133.26098448937157
612,0.85123829854648,0.9514802517983495,1.2568501841956299,-8783670.278402774,-121.96180087167083
613,0.8898462447375408,0.961650107151254,0.9592461297665176,-8163756.198614165,-113.35425582952342
614,0.9757619958777809,1.0338818747483576,1.2658455026468245,-9459995.275866607,-131.35261496769093
615,0.896277084733002,0.8864504128902754,0.8184822939159624,-7618896.57269455,-105.78884648545765
616,1.1547699600837078,1.0437432437965617,0.8715440735434961,-9077042.364412453,-126.03529029023375
617,1.1263787755874468,1.1084109989090307,1.2079086032141668,-10031194.290757269,-139.28374834407458
618,1.1675706134558217,0.9256723060520085,1.153025157247767,-9551199.46468501,-132.61899072665838
619,0.984215798909656,1.1025995658670185,1.137094406296968,-9331886.966022845,-129.57382322347118
620,1.1105789785998899,1.0468485513043213,0.8064572616818241,-8759402.38797437,-121.62483972374594
621,1.0180107675587753,1.1454009218573524,1.2624328398982714,-9892012.584153224,-137.35120180626117
622,0.8172694943188047,0.8994444447188311,0.7790372640727371,-7272641.712630905,-100.98107650372633
623,1.0903919639941182,1.0953355989570834,0.8281068197864031,-8872952.980123775,-123.20149666436875
624,1.0023410771807315,1.10221090840336,1.1396809268597503,-9401153.728798935,-130.53559647553578
625,1.0168948821967394,1.0271043071376318,1.005016328149768,-8901017.37568519,-123.59117251905799
626,0.9190193805275283,1.0195065978577047,1.1133311812300544,-8822769.087049263,-122.50469022923103
627,1.149329166344323,1.0408874061937743,1.156672922225895,-9799580.621612297,-136.06777833380767
628,0.8640286539818293,0.988467242325937,0.705598971896256,-7477382.190997531,-103.82391061082144
629,0.8986715458086493,1.0679385145339013,1.295085970809618,-9356245.389466459,-129.9120414278683
630,0.8396712398348865,0.9704482947583865,1.1800425812194957,-8591193.062649004,-119.28924291855473
631,0.8816142538515596,1.0165254847906857,1.1398427776178048,-8753559.81309146,-121.54371521293645
632,1.0463941801040717,0.9064074203846249,0.9132307412114437,-8446111.614193046,-117.27477810305888
633,1.1135167137941588,1.016267954239605,0.7031377681257476,-8417906.345917834,-116.88314622209316
634,1.1043963040112375,0.8605934064820717,1.1474402696387394,-9144250.908026936,-126.96848504292602
635,0.880992224066095,1.137422044035814,0.9207644507812507,-8493434.381767975,-117.93185763504688
636,0.9307726465352316,0.8946664150997333,0.883362529294129,-7931774.705944677,-110.13317856704519
637,1.1506603047312802,1.1489003012881742,0.920985718304109,-9468813.290663725,-131.47505364431268
638,0.979444252381817,1.0666212814608211,1.2317174682790448,-9469245.891923005,-131.4810603393466
639,1.0372177336747137,0.9674577094533487,0.9475731045091742,-8664585.534620268,-120.30830189599016
640,1.0782472585987228,0.8509654790812836,1.0717536024759045,-8828509.960800659,-122.58440261358803
641,0.942197204176543,1.0882591993831252,0.7557943838938792,-8145256.860679346,-113.09739138698946
642,1.0352809067793562,0.994291866965837,1.0853953155431364,-9090391.674962305,-126.22064628646898
643,0.8259414377931874,1.0239951362284394,1.0368907527757143,-8307684.59473007,-115.35271044251454
644,1.0242640377664685,1.0310462999789365,1.1058807623358173,-9202182.374610499,-127.77286701170742
645,1.121995599872308,0.9309462160384643,1.1950296461080372,-9515762.581794277,-132.12694743295017
646,0.9993022729053814,0.8731174837402993,0.7351305575463875,-7725778.366922867,-107.27290675768036
647,0.9336953274784243,1.08546909313344,1.1246085608445495,-9077105.837940682,-126.03617162406859
648,1.1154459858689625,1.0051807169324827,0.9641193987732943,-9081195.581891479,-126.09295796981402
649,0.8589810106825136,0.9484578260827934,0.9604116197043252,-8024038.7496179035,-111.41427047571544
650,0.8354401718718469,0.9161835858133633,1.0589351764382433,-8115628.1488436535,-112.68599490482939
651,1.0942652456956758,1.1495042534178848,1.2598679988061345,-10163172.364871806,-141.11627200268242
652,1.0570260798140767,0.9763744159882215,1.0817064188249397,-9109799.620644506,-126.49012680333684
653,1.1142606472320928,0.8855008572770162,0.945942933817773,-8714862.548069604,-121.00640131324711
654,1.1359209142542468,0.9651498855799131,1.043123362736312,-9255310.355803085,-128.51055229104404
655,1.0351077443448793,0.9053428759400918,0.917341264991373,-8414577.971432682,-116.83693153810366
656,0.9338045154967729,0.8578590125596194,0.7145150583348131,-7402091.809931984,-102.77849904913676
657,1.1326788174703093,0.9319212429918436,1.0108472597432894,-9071857.067820251,-125.96329212882807
658,0.9194902294355093,1.132203773534602,0.8555780553194642,-8443322.541830366,-117.236051662137
659,0.971862725095574,1.1118190751453805,1.2051601400750853,-9491660.827942614,-131.79229310158914
660,0.8744405671385109,1.090792992938713,0.9749121320427356,-8490237.268166607,-117.88746551648423
661,0.9931875488341421,0.8900439917247831,0.7483609082542747,-7783587.742607097,-108.07559348683178
662,1.091175722789506,0.9989383457065899,0.9621104215691078,-8974499.146482991,-124.61147141618017
663,1.0918032914609588,1.0796538696973328,0.7953449006016121,-8750624.031613678,-121.50295170694778
664,1.0440900597910565,0.8906062246833056,1.1508250516174274,-9020742.733544337,-125.25356646050749
665,1.0627820625068558,1.1369843863250373,0.7413748098138526,-8657791.91206337,-120.2139720298613
666,0.8228218884605017,0.93465612240796,0.8570234102415436,-7589488.79786664,-105.38051772720961
667,0.8987915196288,1.121876374156311,0.8497277199097036,-8328312.709725947,-115.6391330851849
668,0.9087798904514525,1.077819478725389,0.969843905470324,-8563127.30929978,-118.89954821089843
669,1.1106842227820724,0.8696098472693156,0.9925427162040306,-8783013.539429242,-121.95268201071912
670,0.8134454400733131,0.8687959610366063,1.2438624720066467,-8399929.967937913,-116.63354311062713
671,0.8556981484470381,1.009726204682565,0.9466573615604239,-8137369.664353173,-112.98787718196134
672,0.9389373305035371,1.1199500037061816,0.7130940380652937,-8104912.951559298,-112.53721373294177
673,1.0655158744702355,1.139018330264065,1.0361009100771053,-9447026.463668134,-131.17254221441587
674,1.1747289848132367,0.8656773637858071,0.9512759914444968,-8888612.076348156,-123.41892417644694
675,0.9040631163848205,1.069246289494219,1.2887782542983481,-9361995.929651232,-129.99188803124596
676,0.9026120249776991,1.0462523804422224,0.8188585796558441,-8061913.479963433,-111.94016343094482
677,1.026132101828644,0.9891797460065008,1.2832031977789222,-9564600.45525541,-132.80506430315054
678,1.0434109090785866,0.9548519116260455,0.76845747093276,-8182583.03975897,-113.61566767422701
679,0.8604987314939738,0.9175950789853705,0.8505799968041787,-7659718.266016142,-106.35565820246552
680,1.140246423136455,1.0183668364847573,1.01403454682462,-9333852.776620878,-129.60111862426714
681,0.845907548747687,1.1080419080048305,1.1336885819250901,-8852746.531889096,-122.92092889055543
682,0.8270673447600007,1.0623505291689306,1.0261229304055877,-8384107.625096155,-116.41384890924819
683,0.8326901382987113,0.9874901924585969,0.9908177722780281,-8114373.621123912,-112.6685757104501
684,0.8663098160653103,1.1337094441000846,1.2099852228883972,-9192098.98692381,-127.63285855485772
685,1.0676089349316433,0.9886886683001821,0.9470593249507051,-8825474.139774133,-122.54225005232561
686,1.0603893868603818,1.0136295608220716,0.7373638635291313,-8314790.739173969,-115.45137969422395
687,1.0050010595081327,1.0919210851698518,0.9755439265581748,-8952211.515299186,-124.30200628939551
688,0.8207826310217075,1.0858834598152098,0.8208182692815846,-7884535.543580119,-109.47725989853406
689,0.9034483339552155,0.8994119060296888,0.8981290389228985,-7887320.81381082,-109.51593354662008
690,1.102700602275454,1.005815757851181,0.8229287644904275,-8667276.347241716,-120.3456639943748
691,1.1511320312608162,1.1138745564854586,1.222347055027604,-10170191.651049834,-141.2137352220397
692,0.8955184845526157,0.9853718032542964,1.290993793684525,-9117527.108566279,-126.59742344736851
693,1.108804990523996,0.8581502263676679,0.7391227547562952,-8080529.994369039,-112.19865487596682
694,0.9855725507249331,1.122766061758468,1.0232210787716285,-9090449.868059421,-126.22145430119376
695,0.9991250032137161,0.8816421099869891,1.0940680628345765,-8690566.386779312,-120.6690476226699
696,1.1288412642400902,0.9641260022522686,1.1653671105551966,-9548983.438078979,-132.58822106123554
697,1.1857906615603246,0.9111299377383066,1.0139977787168448,-9211560.249104084,-127.90307937457338
698,0.9148551832338302,1.0878563257101517,1.0465560195286945,-8812318.746643338,-122.35958661135476
699,1.0538329670201214,1.089374247884768,0.937582283597473,-9016843.38804668,-125.1994238089687
700,1.1660360273628172,1.0099086601738418,0.7947728937012087,-8825919.938989012,-122.54844000178302
701,1.078359647267521,1.0879784051314763,0.890057006240516,-8974232.596258609,-124.60777034995635
702,1.1428717027995012,1.1218429764297297,0.8661426924266853,-9226358.601675512,-128.10855540820626
703,1.1934085890860888,0.8922134584146275,0.821209401041494,-8682047.496053912,-120.55076230214125
704,0.8736899356952105,1.118196913002361,1.0925755313949772,-8868733.610648662,-123.14291046026304
705,0.8608417132889091,0.9820970255105046,1.0691788150418813,-8404691.667823013,-116.69965960575847
706,0.8333856339957534,1.1147249105222015,1.1821621212649212,-8953791.67228361,-124.32394686609888
707,1.0020827094306552,1.140137984577751,0.9506565875650598,-9003280.810828175,-125.011106591951
708,1.193644127614599,1.050375999641088,1.080802763952365,-9780415.081747245,-135.80166363658742
709,0.866381958118314,1.1145783274913932,0.9564938127523691,-8476108.53786473,-117.69128722915893
710,0.8648933623129917,0.8537822559927277,1.0358534101830295,-7994217.951934731,-111.00020686977476
711,1.0109598488490705,1.0658060867107475,1.2341548318106814,-9583906.1693426,-133.0731253280477
712,0.8317626338572118,1.0694489471021087,0.8124471664585493,-7857828.103129491,-109.10642544883477
713,1.1432708212628655,1.0957190541584967,1.0244762529913267,-9575102.356974399,-132.95088385302304
714,1.0840971194493245,0.9443050339551244,0.9827007393596888,-8860264.040439725,-123.0253099581323
715,1.1286547590841887,0.9877795591519641,0.9146789591952651,-8951857.117342811,-124.29708545202175
716,0.99768497890012,1.0984747757311655,0.9011248284225236,-8748285.13773557,-121.47047602191175
717,0.8695046372542975,1.0636042060992341,1.1955869276248492,-8981279.824712448,-124.70562154952809
718,0.8402549914094134,0.9219622338267833,0.7851831938565963,-7428465.713179868,-103.14470231430667
719,0.9391765646328667,0.9851052936716237,1.149295802177984,-8897486.470825195,-123.54214568838444
720,1.0604590339526696,1.0362785702435293,0.9114249679657926,-8831838.203287804,-122.63061546477712
721,1.136579021233904,0.9913861502194493,1.2874629628090928,-9968481.791607438,-138.41298144469738
722,1.0536568553182948,0.8878794224693508,1.1057065372452604,-8928554.173034716,-123.97352264019632
723,0.9300416061726796,1.0558981590058292,0.7417846888974434,-7980849.289976999,-110.81458217805351
724,0.8699525748703838,1.1067211776717358,0.8363077342141089,-8152216.813820844,-113.19403076349322
725,1.134816450097176,0.933782826536323,1.0857291460352245,-9280968.199533943,-128.8668130258753
726,1.0776602294039324,1.003796425943516,0.8831864060180388,-8732566.1214644,-121.25221651630659
727,0.8850577505484385,0.8599568063687278,0.8823678407444343,-7677832.860444476,-106.60718045780014
728,1.0612651162125133,1.1314914455345446,1.2227226893578313,-9902660.337812247,-137.499046519272
729,1.106425910614121,1.0865342029759895,1.0989909420855972,-9617672.191760609,-133.541968621551
730,0.9041147430264013,1.122158509211749,1.1024393871435005,-9011633.75706116,-125.1270877630184
731,1.024176252392176,0.8832968407640442,0.9682333262838553,-8452070.448366266,-117.35751688124918
732,0.9841433084807705,1.1093690828568008,1.0279889321126732,-9062772.53130356,-125.83715278177354
733,0.9521602195881639,1.1430400985531977,0.7664323559957894,-8352027.770995366,-115.96841816631003
734,0.9690193713247779,0.8626074025514215,1.1439424724601581,-8666130.115020784,-120.3297484896426
735,1.1672306208796601,0.9340111988651468,1.2150050060794726,-9734752.264190447,-135.16763261247272
736,0.9168872921847592,1.1232310484931745,1.1523771421580704,-9190391.701235252,-127.60915278829553
737,1.1219627107365755,0.8554019666801363,1.2776862142444156,-9534333.097298881,-132.38480018040877
738,1.0906683968281292,0.9414253286158399,1.1976367989153083,-9440404.740279606,-131.08059917878933
739,0.912608479365972,1.1118261518698382,0.7675482342471621,-8134404.20317867,-112.94670157156226
740,1.0814743909843183,1.012209542993473,0.7579206821172645,-8438927.910627939,-117.17503193819167
741,0.8967575313035356,0.8537212108831944,0.9812607792787035,-7962249.460750866,-110.55632240777247
742,0.9205061043040002,1.0295072452893277,0.8783426846251703,-8236881.330213289,-114.36960276948493
743,0.9199676446027939,1.072957959619481,0.728885701587012,-7956491.848037071,-110.47637760189528
744,1.1611579980767948,1.1056791623173543,1.1006828099358439,-9864140.743829519,-136.96419959286467
745,1.0372886280429536,1.1176907494418955,0.8111981077172287,-8701242.197812157,-120.81728191403813
746,0.8315876648763315,0.9218530509728614,1.1767469672201143,-8426547.048525175,-117.00312290807818
747,0.8138681066905934,1.0248420505250468,1.297262509714786,-8951674.53868493,-124.29455033615218
748,1.1422784375350157,1.0064337067130769,0.7381845455719853,-8584897.264027907,-119.20182536832606
749,1.132549405754284,1.0296935524531632,0.76895979823574,-8692779.519420952,-120.69977710521957
750,0.8375429139293425,1.1228880458309776,1.101520157762847,-8777935.696022036,-121.88217584338153
751,1.1317147197267021,1.11369367008468,1.0430634112289934,-9630677.915207643,-133.7225538897776
752,1.0069785407020164,0.979128223096297,0.8901679526746715,-8438502.693556838,-117.16912777306375
753,0.9738383843434847,1.0821638967190468,1.0611540586090789,-9042332.76013123,-125.55334530465186
754,1.1570093159819383,0.9830140043137563,1.0642537472312523,-9431630.259329088,-130.9587649722993
755,1.0525230212367955,1.0275091486918977,1.1215802638513097,-9333126.329005506,-129.59103185454543
756,0.8949733873499225,1.0037091332637371,0.7625348816850086,-7775408.899659229,-107.96202975056299
757,0.9538045310579251,0.9963001205863793,1.0913345557272836,-8825861.598715954,-122.54762994351125
758,1.1802124210344813,1.0301953199645066,1.146156349705936,-9852043.893834222,-136.7962340882933
759,1.0025064237980812,1.0402312094128994,0.7425593296802641,-8195566.41707003,-113.79594266498421
760,0.9017566323367389,0.9585559279615415,0.9834960130039081,-8261059.015854403,-114.70531141840245
761,0.8182594982009536,0.8920072292659953,0.8660885846747834,-7485274.555979325,-103.93349658295008
762,1.1886130763604201,0.9494041021309152,0.9892246348672495,-9256917.447490245,-128.53286685774785
763,0.8784390850953572,1.0332340213227305,0.8684099293095846,-8073216.901935653,-112.09711213872293
764,0.8827970313753707,1.0049717885337937,0.7033034794962525,-7580457.924404364,-105.25512349495894
765,0.8030656130596902,0.9157206427305573,0.7220328175004926,-7115883.182472337,-98.80447469216429
766,0.8432103016522766,0.9516581948016254,1.1815514077478877,-8558188.372055726,-118.83097076416092
767,1.0288194573477203,1.0038003177869248,0.876093293924873,-8542852.901142908,-118.61803680939475
768,1.1727014877731265,0.9691045123711575,0.7522556600774628,-8630364.141211983,-119.83313574834061
769,1.0468266064471206,0.8841515180429804,0.9071338856810153,-8373137.06602195,-116.26152202323688
770,1.0029647754871236,1.1122667574055527,0.9961279482040712,-9052610.33774563,-125.69605010056529
771,1.0809035064126657,1.147845051699721,0.778893471938789,-8848374.75483765,-122.86022649789906
772,0.9098926102078079,0.9683728226792939,0.9530969071232989,-8235484.888174818,-114.35021308608077
773,0.9644084301062184,1.1222833007669664,1.1284195866801139,-9291425.172778418,-129.0120087411219
774,1.0431620856362815,0.9428118153588346,1.194274230532777,-9268799.519240525,-128.69785015320622
775,1.1820242045939955,1.096359484765068,0.7009390631148837,-8862529.297849646,-123.05676319628846
776,1.0545605480733629,0.8653406144326302,0.8545643322002331,-8212695.737050146,-114.03378432413878
777,0.8238098801391087,1.0311386358848162,1.111953948095564,-8516194.014811294,-118.24787653661775
778,0.8457950552263621,0.9651516649134938,0.9737419053733252,-8056729.029191056,-111.86817701379933
779,0.9476212087043666,0.8863075001455579,0.9513686741124853,-8147502.086989402,-113.12856649209469
780,1.1004712191233672,0.8713022993599766,0.748108008449142,-8109496.907859484,-112.6008622474884
781,0.9419085167343937,1.1325177134856774,1.1011435880337483,-9167836.224049563,-127.29596860333696
782,1.0714679826690259,0.9585759972513594,1.0561964747251231,-9046608.095831476,-125.61270860322819
783,0.8040524736110974,1.0408288139228625,1.247972168545742,-8829794.295318386,-122.6022356771866
784,1.0450293873379277,1.1121095780399035,1.1343838332796563,-9562779.383340111,-132.77977860784696
785,0.8482233665614761,1.1207359921857525,0.7398663066134649,-7859545.864474566,-109.13027667053058
786,1.0135869890191056,0.8926411371380373,0.7070239664385424,-7753268.03656138,-107.65460250765904
787,0.9688137040510556,0.9385122122962468,0.9916002962785618,-8464590.821874049,-117.5313630357832
788,1.0308799546938203,0.8631217216926842,0.7738019770742474,-7911731.972200485,-109.85488397897949
789,1.02345695858017,0.9529502059517975,1.1375040925296689,-9077260.370018525,-126.03831731145311
790,1.0609166594367758,1.103681308896972,1.1154956960015352,-9546665.567098457,-132.55603728042266
791,0.9719724309560592,1.0518899867183296,0.8652287045532511,-8441517.976559125,-117.21099516259919
792,0.9225253995112851,1.086695547976238,0.9678517098409493,-8629363.080176234,-119.81923595442387
793,1.1193521362073409,1.0967267121004836,1.2145374025967703,-9993298.175003437,-138.7575584511385
794,1.166654094336483,0.9792955661539888,0.8913200909926833,-9001309.329764469,-124.98373245639115
795,1.0328794986376455,0.9613517270312882,1.0606445000801399,-8930411.956259968,-123.99931807429155
796,1.0822343450575298,1.056521505547641,0.9247317322120728,-8996259.5625319,-124.91361612846144
797,0.8667440806795011,0.9791588015386622,0.7855564864491452,-7672505.918649486,-106.53321554406095
798,1.1560388140735234,0.9537632382213572,0.7926758483339943,-8637883.326428782,-119.93754009653016
799,0.8101791039623004,1.0437467158859453,1.0821413904728459,-8423245.509431005,-116.95728083513934
800,0.9362416666325167,0.8715135666542952,0.9457773369371392,-8054082.919024384,-111.83143561174263
801,0.9244869980253575,1.0531361919205027,1.0634675496716142,-8799271.41957379,-122.17842367427635
802,0.9458374912790161,0.915367766276497,1.292821579693355,-9114678.551159477,-126.55787105295839
803,0.981600648478446,1.056482270734071,0.7843317805470165,-8274775.274995508,-114.89576251834694
804,0.9942358798637592,0.8582610159608396,1.00327307074627,-8373472.601119567,-116.26618094865916
805,1.185606962847081,0.9652620138957401,0.7233976075449469,-8589659.74623791,-119.26795272608668
806,0.8123823163677375,0.9663960279840608,0.7960149618779164,-7476023.890426652,-103.80505052403554
807,0.8093408385312744,1.076864084185053,0.9751138053291344,-8226129.651702669,-114.22031505353178
808,0.9156979087890619,1.1200249549049441,0.7696833761203153,-8172376.0994108915,-113.47394368109146
809,1.1823675315821276,0.9441900152132058,1.2330422033852089,-9861906.608047312,-136.9331784804193
810,1.0411771505917846,1.0980122079224461,1.2904078979262785,-9922159.712405179,-137.76979653217637
811,0.9153621751274983,1.1383406456222778,0.9336891369414522,-8650201.141095532,-120.10857370912535
812,0.9542047618947689,0.9521161312763516,1.024844564408551,-8536497.158137798,-118.52978692771526
813,0.8616580172713949,1.0161134456074032,1.0250228874460023,-8380912.304756612,-116.369481690236
814,1.104760725041948,1.1000949885812756,0.9642648101874545,-9293509.369485235,-129.0409479403037
815,0.9209332997405976,0.9278004691951283,0.8167743020229231,-7809415.74457962,-108.43421687929121
816,0.82305903287961,0.9527343936504139,0.86214861527847,-7651280.470618343,-106.23849889553746
817,1.186566954346563,1.0173126478750132,0.9083662234183045,-9215727.59884352,-127.96094328145675
818,1.0321870403974784,0.8917590104037086,0.9664262495213217,-8497616.553476905,-117.9899273458863
819,1.0504937285684255,0.9966693495377353,0.9410672803925946,-8770744.551693223,-121.78232636305364
820,1.1975393555598792,1.1140944286446781,1.074043574895664,-9943705.231595429,-138.0689573883869
821,1.0277509444729132,1.036198143947375,0.82078726469346,-8478924.714269925,-117.73039001137452
822,0.9580550973057275,0.8618378598672698,0.985327622492096,-8208982.408166358,-113.98222452469946
823,1.0172098335830653,0.9183249208309628,1.2784173082993082,-9334620.085914306,-129.61177276089637
824,1.1637818443748968,1.0666429706367717,1.0200319772592175,-9558886.206076698,-132.72572160261922
825,1.147987663859074,0.8891957031470389,1.174305876564931,-9442677.669556113,-131.11215894128387
826,0.8499283255867394,1.0882631987648215,0.8654605409508142,-8110170.111667542,-112.61020972367797
827,1.1508362324072756,1.1332126281476194,0.7892775816430694,-9082186.284152094,-126.10671393150231
828,0.9850702420261574,1.1442962134488055,0.9900444615838879,-9058092.301734315,-125.77216750697771
829,1.145419009005818,1.0266194566393958,0.9251979447517611,-9140259.260206234,-126.91306076796714
830,0.9143134222103481,0.9109669273258262,1.1570789148266183,-8636060.63850103,-119.9122319627945
831,0.9546162027292111,1.0033826386602254,0.9953952880007092,-8595257.396764396,-119.34567644717615
832,1.0309116116932524,1.1096731436873657,1.2884436061500577,-9911675.101565586,-137.62421706722546
833,0.9630336834295268,1.098255676631891,1.1587166767928305,-9303080.818508558,-129.1738480973948
834,1.0294115805822293,1.1368141430835799,0.8202847093170417,-8747763.326570116,-121.46323064185574
835,0.8437056841238486,1.1061885900866266,0.963489889980249,-8393012.563616615,-116.53749452710308
836,1.1387875416828241,1.1179270615586243,0.7374745561714429,-8863722.55065139,-123.07333158467091
837,1.1533859051944242,0.9844957166108266,1.0062594934025393,-9270465.8604195,-128.72098740274006
838,1.0506370044372841,1.1279147820190258,0.7114696566578583,-8512852.22687893,-118.20147560609051
839,0.9907373873271268,1.056316612729168,1.133624174618937,-9224018.6939169,-128.0760656453772
840,1.0770129726148432,0.8903305388224365,0.8796373530230087,-8422873.170013595,-116.95211087947806
841,0.9434862101668055,1.0913311623038515,0.8672559234487318,-8450678.528614562,-117.33818999007431
842,0.8842819855468813,1.1372344057114288,0.7053179710680813,-7938437.067567705,-110.22568586705174
843,1.1991283422727912,1.0530463896572186,1.1970815796694703,-10112133.56150264,-140.40759508563738
844,0.9178477585384773,0.854294583300118,1.1427217111369181,-8461830.103002662,-117.493030284828
845,1.1336578388002703,1.0721428395860557,0.7857101723805031,-8852193.697338797,-122.91325274889694
846,1.1013711689027876,1.0806768346322921,1.0951243094020329,-9574418.313887551,-132.94138587278226
847,1.1064463731182343,1.1037764319033196,1.068162468542475,-9582049.628201412,-133.0473471403659
848,0.8354418855878717,0.9962883429001632,0.746589600802963,-7505483.186051498,-104.2140946517109
849,0.9630172124129723,0.9721319467376882,0.7396059064841449,-7870564.524586448,-109.283271442402
850,0.9395282135877917,0.8832994296373944,1.1849411260055334,-8724899.07140538,-121.1457590557083
851,1.1790752103857882,0.8716949425773816,1.273069124375021,-9765072.246603908,-135.58862742902855
852,1.009030639734698,0.9398697033861622,0.7461172451656981,-7964094.925249732,-110.58194679559584
853,1.000249707228167,1.0883546633472245,1.1242518863600188,-9316888.407770878,-129.3655673216773
854,0.8200904045855896,0.871870550610371,0.9417239695795823,-7637496.267809845,-106.04710439360147
855,0.9181161976191773,0.9197152969168143,0.8686026993452282,-7914471.182540702,-109.89291808265942
856,1.1213930973187538,1.1287684160895561,0.9430616167165399,-9371398.266477613,-130.12244005510405
857,1.1624444008529988,0.9464487103743645,0.985862191806275,-9148650.70657101,-127.02957651572724
858,0.8904115991263999,1.0421428126527532,1.2873886691048855,-9239317.01634954,-128.2884837912163
859,1.0413972384173515,0.9573442252340646,1.088690467594317,-9023404.090098426,-125.29051955958913
860,0.849168271386155,1.1165977240796194,1.0018503704679018,-8540277.077473657,-118.58227133966827
861,0.9797398968158568,1.0257594365360556,1.0748703176736414,-8950853.740361566,-124.28315350105966
862,0.8287103224906053,1.0547851663670207,0.8451590081893178,-7894552.400481974,-109.61634457135334
863,1.085581053002636,1.096760438315259,1.1823751045315123,-9790589.517565606,-135.94293630233307
864,1.0210003869631556,1.0060509676932252,0.785725576803647,-8283958.713148888,-115.02327512069652
865,1.1101384601612543,0.9314228141340143,0.9980172536907679,-8957881.761303606,-124.3807380031513
866,0.9137096371710067,0.8901485088999079,1.077734618135042,-8370794.705515222,-116.2289982038497
867,0.8217328139291615,1.07459357023786,0.89055207715667,-8041409.861023109,-111.6554694236462
868,0.8000538772017942,1.0033387417711688,0.7281111451165618,-7351495.5704146745,-102.075967158335
869,0.9104678231283598,1.0620929462367148,0.7376137729731195,-7917599.929964709,-109.93636093265378
870,1.1357353969424009,0.8511459767975749,0.8480943215211413,-8442758.630950367,-117.22822172496085
871,1.0963616224608286,0.944881044918792,0.761135432839608,-8322635.7496570125,-115.56030814623126
872,0.9440935675201712,0.9311179859153577,1.205627141296333,-8920868.945598587,-123.86681278560134
873,0.9253391670340573,1.086679741532802,1.2351232868864408,-9341363.084762866,-129.70539971372813
874,0.9735269678306118,1.1229829431563174,0.9263908323779158,-8794428.535039106,-122.11117992530323
875,1.1856313665960432,0.8767868573576718,1.1122115599019458,-9378805.51659437,-130.22529017756003
876,0.9975256161827715,0.9662946416366941,1.0796271272491607,-8869426.057932042,-123.15252513328842
877,1.0815428366537325,0.8513089808950927,0.8001718532483192,-8127447.96479901,-112.85011377475459
878,1.0852184202537274,1.049915624073462,1.2796285030772063,-9921754.367470898,-137.76416829288777
879,1.104415116100313,1.1352318123194014,1.1215243009208842,-9797768.8403374,-136.04262163961624
880,0.9192208834557772,0.8816094766752569,1.1690943180069613,-8607689.754215918,-119.51830049336745
881,1.0576596885903664,0.8644558037179888,0.916030279540587,-8382712.779622616,-116.39448139424607
882,1.1827199261937145,1.0001203437130604,0.9596374816118228,-9291784.926916277,-129.01700394940428
883,0.9830798420637176,0.9126648172015491,0.9212243025188771,-8261763.443111888,-114.7150924341035
884,0.9479253023948707,0.8657065060562417,1.160540577110751,-8643987.216855576,-120.02229298970347
885,0.9666017727615516,1.0966539660449268,1.2102088006719374,-9446653.5473296,-131.16736424816935
886,0.8847976218794632,1.0472060446510385,0.983369082497789,-8434223.086053513,-117.1097051602395
887,1.152062695168594,0.9147222037529362,1.1066879201860265,-9346368.314968213,-129.77489764230162
888,1.0431008489010891,0.9385904432715498,0.7819605421907035,-8174249.951054103,-113.49996222615619
889,1.0606559041909107,1.071579237439699,0.88937640625801,-8867344.217132466,-123.12361864602323
890,1.0579330416089254,0.9685392722834509,1.1279241299695706,-9213816.673152586,-127.93440996096413
891,0.8796861099576213,1.1170645007908522,0.8724457578793479,-8308430.551973552,-115.36306810461988
892,0.9471143951024612,0.8674275856241049,0.7669073273927658,-7611501.662327423,-105.68616770118258
893,1.0063447610849312,0.9302778030183914,1.2012881354453167,-9125326.604918696,-126.70571993287888
894,0.8058773554619816,0.9637282146015808,0.9024073280614556,-7725745.819308337,-107.27245483205516
895,0.8077310523670405,0.8873105197001531,0.9481856049511812,-7651742.360345041,-106.24491226273895
896,0.9971458337789787,0.9712869241764607,1.0185626070472562,-8720780.80116946,-121.0885766207433
897,1.0380526699622725,0.8529771463383506,0.9784570956721024,-8447882.545624474,-117.29936759466676
898,1.1853996963550353,1.0057096840388646,1.106525360475372,-9701765.433206027,-134.70960843984398
899,0.9247455431667533,1.0821974134458288,1.163752889125669,-9140000.775575945,-126.90947169301232
900,1.0085184190616556,1.142804146983764,0.775330128857592,-8572205.96967722,-119.02560596739885
901,0.8067790659558325,1.0810474635271288,1.1842933224189296,-8777710.064933088,-121.87904294186445
902,0.8480828916482306,0.9296748498875818,0.7105314180199773,-7280021.846361803,-101.08355011350051
903,0.9173234443122259,1.0819425621756014,1.0107763166275474,-8711426.521398108,-120.95869187204357
904,0.9392382372673153,0.9615217884718991,0.7008121754292809,-7657471.707245418,-106.32446459606214
905,0.9199202110260943,1.043937622491379,1.2845166662898142,-9339855.014858823,-129.68446007055988
906,1.1388243307935597,0.8570784893936587,1.2391363628049037,-9496524.130265636,-131.8598203528064
907,1.1132793653194504,1.084112837071294,0.9747974554021429,-9309032.856200853,-129.25649250603036
908,0.9592021171818012,0.9408747186499578,0.7394169153726194,-7774583.752509082,-107.9505725317437
909,0.8912941453974796,0.9239810904934074,0.990446241826121,-8151832.837805614,-113.18869923295705
910,1.0989777626386776,0.9921429485193839,0.7347066696682963,-8386533.566832581,-116.44753325913909
911,1.1831159203952815,1.1328172957282336,1.1711137258890452,-10197395.59631937,-141.59146367162018
912,1.196531160625688,1.0133446998400788,1.2776610101519237,-10210431.078304684,-141.77246213897703
913,0.8302420162467004,0.9597042244784113,0.8352287608040595,-7624028.9280835735,-105.86010955500818
914,0.8783332336537081,0.8922408846678028,1.073448184939598,-8241107.618284381,-114.4282850387204
915,1.112528742298922,1.023489519826108,0.7881776257529258,-8656837.847365625,-120.20072478298192
916,1.1244495079733883,1.0407864121491184,0.9328994236761973,-9124257.040141337,-126.69086896030579
917,1.0696521182144252,0.9279714937728498,0.9071153250965263,-8568170.911111502,-118.96957893158131
918,1.166994337252796,0.937151351701426,0.981992960894762,-9129997.325162163,-126.7705731701027
919,1.1560564549584058,1.0623164050802583,0.7373219356988217,-8777712.009532288,-121.87906994274368
920,0.8589212177115881,0.852352477231575,1.078553074137498,-8081723.301099172,-112.21522401314824
921,0.9790693701641673,0.8902824552706826,1.2747604726340622,-9117733.37738461,-126.60028750256983
922,1.011863889578248,0.9225679882338668,1.0003621426928246,-8596524.914716296,-119.36327601172619
923,1.071848133094043,0.8728717653920693,0.8648222890287351,-8319989.925842732,-115.52357072019511
924,1.1227861963535974,0.9878994611207983,1.027946285219377,-9229194.443853498,-128.14793125088394
925,0.9731264008837877,0.8631699827929015,0.7994498678920935,-7776932.311206847,-107.98318241339382
926,0.9782166554967564,0.9127556396223783,0.7299874171958072,-7742542.3763607275,-107.50567605753652
927,1.1374598656207295,1.1443577587492346,1.1758857243980436,-10080320.065679125,-139.9658627437257
928,1.1415139686818667,0.9225931390951135,1.2763761853079199,-9775905.913418794,-135.7390535576181
929,0.8787702817813714,1.1354289431085496,1.2968915763795708,-9468588.581493257,-131.47193354369026
930,1.0846891222984194,1.1443431195375464,1.0417238677402623,-9542952.233376632,-132.50447741380688
931,0.9038167132704361,0.9810987656996862,1.0561365612272715,-8518344.459549474,-118.2777355937807
932,0.8292326248108061,1.0367029793851739,1.2887067020573768,-9014179.443782555,-125.16243477937441
933,0.8760430599134911,1.087778534886515,1.2447392762677716,-9196830.116752708,-127.6985505828826
934,1.1774806371280884,1.1380406813216342,1.0128757832328832,-9775650.278509403,-135.7355040512128
935,1.1909231631966015,1.0771930621403316,0.7970028617421772,-9095729.557380762,-126.29476311143644
936,0.990760042587188,1.0654993526116012,0.84840418949145,-8498883.629264878,-118.00752077096307
937,1.056246073419555,1.0499801437139857,0.7976198462851395,-8554084.851033185,-118.77399312292883
938,1.0260341249811025,1.0814880732935823,0.9993373987215651,-9060990.948903026,-125.81241540080596
939,0.804841246710443,0.8527115407237876,0.9142176063820073,-7461477.940830817,-103.60307912120881
940,1.1704776273727127,0.9186030338810826,1.0806182133230122,-9352580.058158357,-129.861148077713
941,0.8888303482773282,0.9465009968978646,1.2088252537608903,-8776100.028900085,-121.85668749273789
942,1.0915445769079788,0.8786197831939632,0.9572212125918602,-8646841.124981312,-120.06191967917438
943,0.8116679054581059,0.9942670439809026,1.0974604070206408,-8338712.715308683,-115.78353780095213
944,0.8474010494392606,0.9366654816727497,0.9387019753012942,-7895456.830193994,-109.62890263340981
945,1.1678124098624199,1.147976504626889,0.7269467793973695,-9016684.027912071,-125.1972110837197
946,1.1044031693981569,0.9615172199207029,0.935474911737688,-8852542.840502236,-122.91810062314829
947,1.101705989338809,1.1255279296436225,1.270557156701529,-10154328.637284433,-140.99347630238998
948,1.0308490344153283,0.9571363477901508,1.1725294515152676,-9206172.440273069,-127.82826931830354
949,0.9004005533049201,1.0192222086500553,0.9151470769149239,-8236124.566815853,-114.35909506326878
950,1.0626524294831505,0.922119673868052,0.8149557674408955,-8286152.331355148,-115.05373364411335
951,1.1672956346701748,0.880541104884861,1.003574744640959,-9039024.795749784,-125.50741401620485
952,0.8883411131852036,0.8616789889977002,0.7216112909748558,-7271513.919039697,-100.96541702049943
953,0.8700887088423309,1.1100311063518,0.869487246386216,-8248559.986482516,-114.53176162850521
954,1.1801836682301183,1.024486687896758,0.9619685138612597,-9353040.72357154,-129.8675444452462
955,1.0320355338677818,1.0050095155678802,1.1552657522543952,-9290746.957736026,-129.00259168363607
956,0.912998426389141,0.9559151174800906,1.2364565815199504,-8958087.34975009,-124.38359261134775
957,1.1785826052601622,1.1177674682459422,0.9516687963743882,-9565442.90079687,-132.8167617111948
958,1.1121462012027525,0.9929007199903296,0.9985239112876613,-9127762.785476236,-126.73954644942933
959,0.8818720436229136,1.0273390909775548,0.8116815386520088,-7920716.366483271,-109.97963284497051
960,0.9326258796268775,1.1065090604859804,0.8242454855265131,-8339512.429307605,-115.79464187890581
961,0.8284633140693731,0.8707022777838449,1.2644707123018648,-8511688.268314287,-118.18531396998802
962,1.002768175184734,0.9728236215451055,1.186527148604751,-9185795.154431226,-127.5453294538304
963,1.1343303711642063,0.9496573099346813,1.1161708344842771,-9400948.895103144,-130.53275234709903
964,1.1084491263407545,1.0463952060597863,0.7909570448800596,-8710027.821028462,-120.93927083157243
965,1.1503532334068227,1.0117283658208025,0.8694834558220021,-8972046.365734283,-124.57741440495657
966,0.9700912741750776,0.8612713271196721,0.7767200807334506,-7701595.645804204,-106.93712819084806
967,1.1062187002063444,0.8500034904266098,0.9499394970893753,-8603931.798605876,-119.46612104909532
968,1.0090040724342353,0.8663903260002916,1.2838468977833997,-9183695.950620182,-127.5161818800854
969,0.8904501324998688,0.9412596158908842,0.8823655073530163,-7910317.631145948,-109.83524576663876
970,0.89216666484694,0.8504421466258933,1.1376068764527978,-8348310.66109739,-115.91680586725666
971,1.1867381999197142,0.9172880449855135,1.0978283150820534,-9451300.676427165,-131.2318899208845
972,1.096758530783486,1.1045276137271574,0.9535775182081655,-9249045.380987436,-128.42356273124565
973,0.9211723622561717,0.9475885402069093,1.1275727998591076,-8678781.436588518,-120.50541286602537
974,1.1267117866022545,0.9044841903269808,0.9225646048946591,-8746931.940609928,-121.45168679677617
975,1.16077607869966,1.0920080559084218,1.2909150416574855,-10326670.27324639,-143.3864504943712
976,1.1016993038728322,0.9679585603083767,1.0543827003967827,-9172392.746351223,-127.35923619513044
977,1.0644057016989281,0.8735367448951371,1.026698175462319,-8720952.131048786,-121.09095554663227
978,1.0837283313890438,0.900196391200318,1.1683790304553343,-9230908.771890245,-128.17173480088292
979,1.0335091122056446,1.1356665357092783,0.725453378924135,-8509957.767267337,-118.16128585674983
980,0.9061304550221868,1.0304661637899473,0.8779359473235584,-8187974.447383224,-113.69052769996182
981,1.085769665628497,1.0777015847565792,0.7615095784398846,-8635465.952537928,-119.9039747117008
982,1.0055417856827071,1.0026671666773168,0.9215684621293246,-8577808.568328092,-119.10339839349909
983,1.1731699450278688,1.0982518959619663,1.1183256291457822,-9933056.98454133,-137.92110582455518
984,1.085730654293999,0.9885148431439357,1.2525967126579456,-9691215.657547133,-134.56312415737784
985,1.077838170901314,1.0686943184967448,1.2170145422724072,-9780736.011226369,-135.8061197621006
986,0.9096286357368765,1.0921212711600108,0.8171443617738952,-8202497.173476348,-113.89217664302818
987,0.9381367808979552,0.9506831362809528,1.2871152810334843,-9165493.085190507,-127.26343397647994
988,1.1426148894991708,1.0603509584770778,1.1362340569692342,-9773498.278032525,-135.70562339252257
989,1.0248291177610285,1.1341272001325557,0.9977552517294169,-9190908.465840252,-127.61632809654995
990,0.9522070839479578,0.8989106010794773,1.1717233913566347,-8775601.001585145,-121.84975846784451
991,1.0937775728302366,0.9653065115572405,0.7151160483755375,-8246342.668920066,-114.50097403807327
992,1.1355989310872043,0.8534253950362221,1.1222198677774307,-9168461.104023175,-127.3046451001196
993,1.1881028438904229,0.981298398444461,0.8409840429975717,-8949461.174995752,-124.26381764549326
994,1.0819484040173526,1.0951384426046755,1.0278581896467085,-9367650.977110531,-130.07040871227002
995,1.1868141101024585,0.8655006164973883,1.002877358982717,-9066050.520625606,-125.88266786468117
996,1.08738157892902,1.1087921413447537,0.807553367144674,-8843762.421967711,-122.79618397293993
997,1.1200013927054726,1.0158121227155634,0.9379322091939779,-9056284.391129933,-125.74706455728393
998,0.8526860114316375,1.1095887276726737,0.7943639249078291,-7989069.9357549595,-110.92872634918359
999,0.9239151436836397,0.9370136595887311,1.2228484205145127,-8910918.002128467,-123.72864332482682
